"acceptedScientificName","V2","isMarine","isFreshwater","isTerrestrial","isBrackish"
"Zosterops lateralis (Latham, 1802)","Catalogue of Life Checklist",NA,NA,1,NA
"Palpada vinetorum (Fabricius, 1799)","Catalogue of Life Checklist",NA,NA,1,NA
"Homalodisca vitripennis (Germar, 1821)","Catalogue of Life Checklist",NA,NA,1,NA
"Emoia cyanura (Lesson, 1830)","Catalogue of Life Checklist",NA,NA,1,NA
"Sceliphron laetum (F.Smith, 1856)","GBIF Backbone Taxonomy",NA,NA,1,NA
"Lepidodactylus lugubris (DumÃ©ril & Bibron, 1836)","Catalogue of Life Checklist",NA,NA,1,NA
"Lonchura castaneothorax (Gould, 1837)","Catalogue of Life Checklist",NA,NA,1,NA
"Pycnonotus cafer (Linnaeus, 1766)","Catalogue of Life Checklist",NA,NA,1,NA
"Acridotheres tristis (Linnaeus, 1766)","Catalogue of Life Checklist",NA,NA,1,NA
"Circus approximans Peale, 1848","Catalogue of Life Checklist",NA,NA,1,NA
"Conus leopardus (RÃ¶ding, 1798)","Catalogue of Life Checklist",1,NA,NA,NA
"Ptilinopus purpuratus (J.F.Gmelin, 1789)","GBIF Backbone Taxonomy",NA,NA,1,NA
"Melormenis basalis (Walker, 1851)","Catalogue of Life Checklist",NA,NA,1,NA
"Neoptychodes trilineatus (Linnaeus, 1771)","Integrated Taxonomic Information SystemITIS",NA,NA,1,NA
"Cryptoblepharus poecilopleurus (Wiegmann, 1836)","Catalogue of Life Checklist",NA,NA,1,NA
"Xylocopa sonorina Smith, 1874","Union 4",NA,NA,1,NA
"Thelacantha brevispina (Doleschall, 1857)","Catalogue of Life Checklist",NA,NA,1,NA
"Tropidomantis kawaharai Brannoch, 2018","Catalogue of Life Checklist",NA,NA,1,NA
"Caloptilia deltanthes (Meyrick, 1935)","Catalogue of Life Checklist",NA,NA,1,NA
"Ophiomastix elegans (Peters, 1851)","Catalogue of Life Checklist",1,NA,NA,NA
"Ischnura aurora Brauer, 1865","GBIF Backbone Taxonomy",NA,NA,1,NA
"Trioza significans Tuthill, 1956","Catalogue of Life Checklist",NA,NA,1,NA
"Anaciaeschna jaspidea Burmeister, 1839","GBIF Backbone Taxonomy",NA,NA,1,NA
"Psychoda williamsi Quate, 1954","Catalogue of Life Checklist",NA,NA,1,NA
"Gonomyia tonnoirella Alexander, 1933","Union 4",NA,NA,1,NA
"Syritta oceanica Macquart","Integrated Taxonomic Information SystemITIS",NA,NA,1,NA
"Pseudagrion demorsum Needham, 1935","The Interim Register of Marine and Nonmarine Genera",NA,1,NA,NA
"Diplacodes bipunctata Brauer, 1865","GBIF Backbone Taxonomy",NA,1,NA,NA
"Dichelopa zona Clarke, 1986","Catalogue of Life Checklist",NA,NA,1,NA
"Platysimus insularis (Boheman, 1843)","Catalogue of Life Checklist",NA,NA,1,NA
"Dichelopa flexura Clarke, 1986","Catalogue of Life Checklist",NA,NA,1,NA
"Cangetta eschatia Clarke, 1986","Catalogue of Life Checklist",NA,NA,1,NA
"Austracris guttulosa guttulosa","Encyclopedia of Life",NA,NA,1,NA
"Asymphorodes lenticula Clarke, 1986","Catalogue of Life Checklist",NA,NA,1,NA
"Dicranomyia illingworthi Alexander, 1914","Union 4",NA,NA,1,NA
"Delcina diaspora Clarke, 1986","Catalogue of Life Checklist",NA,NA,1,NA
"Eudonia munroei Clarke, 1986","Catalogue of Life Checklist",NA,NA,1,NA
"Dermatophagoides pteronyssinus (Trouessart, 1897)","GBIF Backbone Taxonomy",NA,NA,1,NA
"Malayoglyphus intermedius Oshima","GBIF Backbone Taxonomy",NA,NA,1,NA
"Succinea humerosa A.Gould, 1846","GBIF Backbone Taxonomy",NA,NA,1,NA
"Dermatophagoides farinae A.M.Hughes, 1961","GBIF Backbone Taxonomy",NA,NA,1,NA
"Melania moreleti Deshayes, 1850","World Register of Marine Species",1,NA,NA,NA
"Vini ultramarina (Kuhl, 1820)","Catalogue of Life Checklist",NA,NA,1,NA
"Todiramphus tutus (J.F.Gmelin, 1788)","GBIF Backbone Taxonomy",NA,NA,1,NA
"Mus triton (Thomas, 1909)","Integrated Taxonomic Information SystemITIS",NA,1,NA,NA
"Peragrarchis pelograpta (Meyrick, 1929)","Catalogue of Life Checklist",NA,NA,1,NA
"Limonia raiateaae Alexander, 1947","Catalogue of Life Checklist",NA,NA,1,NA
"Ernophthora lechriogramma Clarke, 1986","Catalogue of Life Checklist",NA,NA,1,NA
"Jamides walkeri Druce, 1892","Catalogue of Life Checklist",NA,NA,1,NA
"Scarus rivulatus Valenciennes, 1840","Catalogue of Life Checklist",1,NA,NA,NA
"Oopsis nutator (Fabricius, 1787)","Catalogue of Life Checklist",NA,NA,1,NA
"Protaetia fusca (Herbst, 1790)","Integrated Taxonomic Information SystemITIS",NA,NA,1,NA
"Gnathothlibus eras Boisduval, 1832","Catalogue of Life Checklist",NA,NA,1,NA
"Harmonia axyridis (Pallas, 1773)","Integrated Taxonomic Information SystemITIS",NA,NA,1,NA
"Neochmia temporalis (Latham, 1802)","Catalogue of Life Checklist",NA,NA,1,NA
"Ramphocelus dimidiatus Lafresnaye, 1837","Catalogue of Life Checklist",NA,NA,1,NA
"Madrepora deformis Michelin, 1841","World Register of Marine Species",1,NA,NA,NA
"Zoanthus hypsicarenus F.Pax & I.MÃ¼ller, 1956","GBIF Backbone Taxonomy",1,NA,NA,NA
"Ducula aurorae (Peale, 1849)","Catalogue of Life Checklist",NA,NA,1,NA
"Acrocephalus percernis (Wetmore, 1919)","Catalogue of Life Checklist",NA,NA,1,NA
"Pupa sulcata (Gmelin, 1791)","Catalogue of Life Checklist",1,NA,NA,NA
"Lithacrosiphon cristatus (Sluiter, 1902)","Catalogue of Life Checklist",1,NA,NA,NA
"Bactra optanias Meyrick, 1911","Catalogue of Life Checklist",NA,NA,1,NA
"Paratrechina bourbonica (Forel, 1886)","Catalogue of Life Checklist",NA,NA,1,NA
"Polistes olivaceus (Deg., 1773)","Catalogue of Life Checklist",NA,NA,1,NA
"Tetragnatha keyserlingi Simon, 1890","Catalogue of Life Checklist",NA,NA,1,NA
"Paratrechina vaga (Forel, 1901)","Catalogue of Life Checklist",NA,NA,1,NA
"Ponera bableti Perrault, 1993","Catalogue of Life Checklist",NA,NA,1,NA
"Ornithuroscincus noctua (Lesson, 1830)","Catalogue of Life Checklist",NA,NA,1,NA
"Frigga crocuta (Taczanowski, 1878)","Catalogue of Life Checklist",NA,NA,1,NA
"Argyrodes samoensis O.Pickard-Cambridge, 1880","GBIF Backbone Taxonomy",NA,NA,1,NA
"Chironomus crassiforceps (Kieffer, 1916)","Union 4",NA,NA,1,NA
"Cosmophasis lami Berry, Beatty & PrÃ³szyÅ„ski, 1997","Catalogue of Life Checklist",NA,NA,1,NA
"Mocis trifasciata Stephens, 1830","Catalogue of Life Checklist",NA,NA,1,NA
"Ornebius novarae (Saussure, 1877)","Catalogue of Life Checklist",NA,NA,1,NA
"Polistes humilis (Fabricius, 1781)","Catalogue of Life Checklist",NA,NA,1,NA
"Solenopsis geminata (Fabricius, 1804)","Catalogue of Life Checklist",NA,NA,1,NA
"Tetramorium pacificum Mayr, 1870","Catalogue of Life Checklist",NA,NA,1,NA
"Catacanthus viridicatus Distant, 1881","GBIF Backbone Taxonomy",NA,NA,1,NA
"Coelophora inaequalis (Fabricius, 1775)","Integrated Taxonomic Information SystemITIS",NA,NA,1,NA
"Enicospilus aequalis (Szepligeti, 1906)","Catalogue of Life Checklist",NA,NA,1,NA
"Lampides boeticus (Linnaeus, 1767)","Catalogue of Life Checklist",NA,NA,1,NA
"Gehyra oceanica (Lesson, 1830)","Catalogue of Life Checklist",NA,NA,1,NA
"Bactrocera dorsalis (Hendel, 1912)","Integrated Taxonomic Information SystemITIS",NA,NA,1,NA
"Hieromantis ephodophora Meyrick, 1897","Catalogue of Life Checklist",NA,NA,1,NA
"Anax guttatus Burmeister, 1839","GBIF Backbone Taxonomy",NA,NA,1,NA
"Chrysomya megacephala (Fabricius, 1794)","Catalogue of Life Checklist",NA,NA,1,NA
"Styringomyia didyma Grimshaw, 1901","Catalogue of Life Checklist",NA,NA,1,NA
"Balta notulata (StÃ¥l, 1860)","Catalogue of Life Checklist",NA,NA,1,NA
"Ischiodon scutellaris (Fabricius, 1805)","Catalogue of Life Checklist",NA,NA,1,NA
"Pheidole sexspinosa Mayr, 1870","Catalogue of Life Checklist",NA,NA,1,NA
"Epuraea ocularis Fairmaire, 1849","Integrated Taxonomic Information SystemITIS",NA,NA,1,NA
"Pholcus ancoralis L.Koch, 1865","GBIF Backbone Taxonomy",NA,NA,1,NA
"Trathala annulicornis (Tosquinet, 1896)","Catalogue of Life Checklist",NA,NA,1,NA
"Allograpta nigripilosa (Hull, 1944)","Union 4",NA,NA,1,NA
"Cnaphalocrocis poeyalis (Boisduval, 1833)","Catalogue of Life Checklist",NA,NA,1,NA
"Leucauge granulata (Walckenaer, 1841)","Catalogue of Life Checklist",NA,NA,1,NA
"Trypoxylon nitidum F.Smith, 1856","GBIF Backbone Taxonomy",NA,NA,1,NA
"Chilocorus nigritus (Fabricius, 1798)","Integrated Taxonomic Information SystemITIS",NA,NA,1,NA
"Misumenops melloleitaoi Berland, 1942","Catalogue of Life Checklist",NA,NA,1,NA
"Ophiomyia lantanae (Froggatt, 1919)","Catalogue of Life Checklist",NA,NA,1,NA
"Aerodramus leucophaeus (Peale, 1849)","Catalogue of Life Checklist",NA,NA,1,NA
"Thorelliola ensifera (Thorell, 1877)","Catalogue of Life Checklist",NA,NA,1,NA
"Lagocheirus obsoletus Thomson, 1860","Catalogue of Life Checklist",NA,NA,1,NA
"Telostylinus lineolatus (Wiedemann, 1830)","Catalogue of Life Checklist",NA,NA,1,NA
"Emoia impar (Werner, 1898)","Catalogue of Life Checklist",NA,NA,1,NA
"Polydesma boarmoides (GuenÃ©e, 1852)","Catalogue of Life Checklist",NA,NA,1,NA
"Technomyrmex vitiensis Mann, 1921","GBIF Backbone Taxonomy",NA,NA,1,NA
"Actinocyclus verrucosus Ehrenberg, 1831","Catalogue of Life Checklist",1,NA,NA,NA
"Conus sanguinolentus Quoy & Gaimard, 1834","Catalogue of Life Checklist",1,NA,NA,NA
"Clytia simplex (Browne, 1902)","Catalogue of Life Checklist",1,NA,NA,NA
"Hindsia nivea","GBIF Backbone Taxonomy",1,NA,NA,NA
"Nebularia avenacea (Reeve, 1845)","GBIF Backbone Taxonomy",1,NA,NA,NA
"Cerithium pacificum Houbrick, 1992","Catalogue of Life Checklist",1,NA,NA,NA
"Leptoseris incrustans (Quelch, 1886)","Catalogue of Life Checklist",1,NA,NA,NA
"Rattus exulans (Peale, 1848)","Catalogue of Life Checklist",NA,NA,1,NA
"Oliva annulata (Gmelin, 1791)","World Register of Marine Species",1,NA,NA,NA
"Leiaster speciosus von Martens, 1866","Catalogue of Life Checklist",1,NA,NA,NA
"Strumigenys godeffroyi Mayr, 1866","Catalogue of Life Checklist",NA,NA,1,NA
"Strumigenys rogeri Emery, 1890","Catalogue of Life Checklist",NA,NA,1,NA
"Nylanderia glabrior","National Center for Biotechnology Information",NA,NA,1,NA
"Strumigenys mumfordi Wheeler, 1932","GBIF Backbone Taxonomy",NA,NA,1,NA
"Hypoponera opacior (Forel, 1893)","Catalogue of Life Checklist",NA,NA,1,NA
"Solenopsis globularia (Smith, 1858)","Catalogue of Life Checklist",NA,NA,1,NA
"Pheidole fervens Smith, 1858","Catalogue of Life Checklist",NA,NA,1,NA
"Iridomyrmex anceps (Roger, 1863)","Catalogue of Life Checklist",NA,NA,1,NA
"Ponera petila Wilson, 1957","Catalogue of Life Checklist",NA,NA,1,NA
"Aedes polynesiensis Marks, 1954","Catalogue of Life Checklist",NA,NA,1,NA
"Culex atriceps Edwards, 1926","Catalogue of Life Checklist",NA,NA,1,NA
"Culex roseni Belkin, 1962","Catalogue of Life Checklist",NA,NA,1,NA
"Aedes edgari Stone & Rosen, 1952","Catalogue of Life Checklist",NA,NA,1,NA
"Culex marquesensis Stone & Rosen, 1953","Catalogue of Life Checklist",NA,NA,1,NA
"Culex litoralis Bohart, 1946","Catalogue of Life Checklist",NA,NA,1,NA
"Stoeberhinus testaceus Butler, 1881","Catalogue of Life Checklist",NA,NA,1,NA
"Choreutis orthogona (Meyrick, 1886)","GBIF Backbone Taxonomy",NA,NA,1,NA
"Cnaphalocrocis trapezalis GuenÃ©e, 1854","Catalogue of Life Checklist",NA,NA,1,NA
"Achaea janata (Linnaeus, 1758)","Catalogue of Life Checklist",NA,NA,1,NA
"Piletocera fluctualis Fabricius, 1787","Catalogue of Life Checklist",NA,NA,1,NA
"Chasmina candida (Walker, 1865)","Catalogue of Life Checklist",NA,NA,1,NA
"Scoparia psednopa Meyrick, 1929","Catalogue of Life Checklist",NA,NA,1,NA
"Hyalobathra variabilis Clarke, 1971","Catalogue of Life Checklist",NA,NA,1,NA
"Herpetogramma licarsisalis (Walker, 1859)","Catalogue of Life Checklist",NA,NA,1,NA
"Dudua aprobola (Meyrick, 1886)","Catalogue of Life Checklist",NA,NA,1,NA
"Chrysodeixis eriosoma (Doubleday, 1843)","Catalogue of Life Checklist",NA,NA,1,NA
"Dichelopa iochorda Meyrick, 1926","Catalogue of Life Checklist",NA,NA,1,NA
"Utetheisa pulchella Linnaeus, 1758","Catalogue of Life Checklist",NA,NA,1,NA
"Erechthias simulans (Butler, 1882)","Catalogue of Life Checklist",NA,NA,1,NA
"Diasemiopsis ramburialis (Duponchel, 1834)","Catalogue of Life Checklist",NA,NA,1,NA
"Cleora stenoglypta Prout, 1929","Catalogue of Life Checklist",NA,NA,1,NA
"Anthophila chelaspis (Meyrick, 1929)","Catalogue of Life Checklist",NA,NA,1,NA
"Dichelopa phalaranthes Meyrick, 1934","Catalogue of Life Checklist",NA,NA,1,NA
"Dichelopa amorpha Clarke, 1986","Catalogue of Life Checklist",NA,NA,1,NA
"Vagrans egista (Cramer, 1780)","Catalogue of Life Checklist",NA,NA,1,NA
"Hypolimnas bolina (Linnaeus, 1758)","Catalogue of Life Checklist",NA,NA,1,NA
"Eudocima phalonia (Linnaeus, 1763)","Catalogue of Life Checklist",NA,NA,1,NA
"Megachile umbripennis Smith, 1853","Catalogue of Life Checklist",NA,NA,1,NA
"Ptilinopus coralensis Peale, 1849","Catalogue of Life Checklist",NA,NA,1,NA
"Todiramphus veneratus (J.F.Gmelin, 1788)","GBIF Backbone Taxonomy",NA,NA,1,NA
"Acrocephalus atyphus (Wetmore, 1919)","Catalogue of Life Checklist",NA,NA,1,NA
"Aechmorhynchus parvirostris (Peale, 1848)","Catalogue of Life Checklist",NA,NA,1,NA
"Porzana tabuensis (Gmelin, 1789)","Catalogue of Life Checklist",NA,NA,1,NA
"Vini peruviana (Statius Muller, 1776)","Catalogue of Life Checklist",NA,NA,1,NA
"Acrocephalus caffer (Sparrman, 1786)","Catalogue of Life Checklist",NA,NA,1,NA
"Ploceus melanocephalus (Linnaeus, 1758)","Catalogue of Life Checklist",NA,NA,1,NA
"Ramphocelus carbo (Pallas, 1764)","Catalogue of Life Checklist",NA,NA,1,NA
"Hirundo tahitica Gmelin, 1789","Catalogue of Life Checklist",NA,NA,1,NA
"Urodynamis taitensis (Sparrman, 1787)","Catalogue of Life Checklist",NA,NA,1,NA
"Aerodramus ocistus (Oberholser, 1906)","Catalogue of Life Checklist",NA,NA,1,NA
"Idiacanthus panamensis Regan & Trewavas, 1930","GBIF Backbone Taxonomy",1,NA,NA,NA
"Leptocephalus holti Schmidt, 1909","Integrated Taxonomic Information SystemITIS",1,NA,NA,NA
"Ptilinopus dupetithouarsii (NÃ©boux, 1840)","Catalogue of Life Checklist",NA,NA,1,NA
"Pomarea iphis Murphy & Mathews, 1928","Catalogue of Life Checklist",NA,NA,1,NA
"Coridromius taravao Tatarnic & Cassis, 2013","GBIF Backbone Taxonomy",NA,NA,1,NA
"Hemidactylus frenatus DumÃ©ril & Bibron, 1836","Catalogue of Life Checklist",NA,NA,1,NA
"Tubastraea coccinea Lesson, 1830","Catalogue of Life Checklist",NA,NA,1,NA
"Acanthurus rhombeus von Kittlitz, 1834","GBIF Backbone Taxonomy",1,NA,NA,NA
"Odostomia striata (A.E.Verrill, 1880)","GBIF Backbone Taxonomy",1,NA,NA,NA
"Phascolosoma agassizii Keferstein, 1866","Integrated Taxonomic Information SystemITIS",1,NA,NA,NA
"Bactrocera tryoni (Froggatt, 1897)","Integrated Taxonomic Information SystemITIS",NA,NA,1,NA
"Liriomyza sativae Blanchard, 1938","Catalogue of Life Checklist",NA,NA,1,NA
"Tapinoma melanocephalum (Fabricius, 1793)","Catalogue of Life Checklist",NA,NA,1,NA
"Pachodynerus nasidens (Latreille, 1812)","Catalogue of Life Checklist",NA,NA,1,NA
"Olla v-nigrum (Mulsant, 1866)","Integrated Taxonomic Information SystemITIS",NA,NA,1,NA
"Hippotion celerio Linnaeus, 1758","Catalogue of Life Checklist",NA,NA,1,NA
"Ananca bicolor (Fairmaire, 1849)","Integrated Taxonomic Information SystemITIS",NA,NA,1,NA
"Phintelloides versicolor (C.L.Koch, 1846)","GBIF Backbone Taxonomy",NA,NA,1,NA
"Ducula galeata (Bonaparte, 1855)","Catalogue of Life Checklist",NA,NA,1,NA
"Anterhynchium rufipes (Fabricius, 1775)","Catalogue of Life Checklist",NA,NA,1,NA
"Sticholotis ruficeps Weise, 1902","Integrated Taxonomic Information SystemITIS",NA,NA,1,NA
"Liocheles australasiae (Fabricius, 1775)","Catalogue of Life Checklist",NA,NA,1,NA
"Pomarea nigra (Sparrman, 1786)","Catalogue of Life Checklist",NA,NA,1,NA
"Maliattha ritsemae (Snellen, 1880)","Catalogue of Life Checklist",NA,NA,1,NA
"Gonocephalum adpressiforme Kaszab, 1951","Integrated Taxonomic Information SystemITIS",NA,NA,1,NA
"Chelisoches morio (Fabricius, 1775)","Catalogue of Life Checklist",NA,NA,1,NA
"Oxycarenus luctuosus (Montrouzier, 1861)","Catalogue of Life Checklist",NA,NA,1,NA
"Placosternus crinicornis (Chevrolat, 1860)","Catalogue of Life Checklist",NA,NA,1,NA
"Jordanthribus planifacietus Zimmerman, 1938","Catalogue of Life Checklist",NA,NA,1,NA
"Scymnodes lividigaster (Mulsant, 1853)","Integrated Taxonomic Information SystemITIS",NA,NA,1,NA
"Agapornis personatus Reichenow, 1887","Catalogue of Life Checklist",NA,NA,1,NA
"Asymphorodes ochrogramma Clarke, 1986","Catalogue of Life Checklist",NA,NA,1,NA
"Trioza bimaculata Tuthill, 1942","Catalogue of Life Checklist",NA,NA,1,NA
"Ctenarytaina remota Tuthill, 1956","Catalogue of Life Checklist",NA,NA,1,NA
"Clarkeophlebia argentea (J.F.G.Clarke, 1986)","GBIF Backbone Taxonomy",NA,NA,1,NA
"Carposina apousia Clarke, 1971","Catalogue of Life Checklist",NA,NA,1,NA
"Aegomorphus quadrigibbus Say, 1831","GBIF Backbone Taxonomy",NA,NA,1,NA
"Belionota prasina (Thunberg, 1789)","Catalogue of Life Checklist",NA,NA,1,NA
"Teleogryllus oceanicus (Le Guillou, 1841)","Catalogue of Life Checklist",NA,NA,1,NA
"Hyperaspis silvestrii Weise, 1909","Integrated Taxonomic Information SystemITIS",NA,NA,1,NA
"Oxydema longulum Zimmerman, 1940","Catalogue of Life Checklist",NA,NA,1,NA
"Rhynchium quinquecinctum (Fabricius, 1787)","Catalogue of Life Checklist",NA,NA,1,NA
"Conocephalus saltator (Saussure, 1859)","Catalogue of Life Checklist",NA,NA,1,NA
"Anoplolepis gracilipes (Smith, 1857)","Catalogue of Life Checklist",NA,NA,1,NA
"Daphnis nerii Linnaeus, 1758","Catalogue of Life Checklist",NA,NA,1,NA
"Ornidia obesa (Fabricius, 1775)","Catalogue of Life Checklist",NA,NA,1,NA
"Brentus cylindrus Lund, 1800","Catalogue of Life Checklist",NA,NA,1,NA
"Glycyphana bimaculata Kraatz, 1885","The Interim Register of Marine and Nonmarine Genera",NA,NA,1,NA
"Ptilinopus chalcurus G.R.Gray, 1860","GBIF Backbone Taxonomy",NA,NA,1,NA
"Cardiocondyla wroughtonii (Forel, 1890)","Catalogue of Life Checklist",NA,NA,1,NA
"Henosepilachna vigintioctopunctata (Fabricius, 1775)","GBIF Backbone Taxonomy",NA,NA,1,NA
"Dinema filicornis Fairmaire, 1849","Catalogue of Life Checklist",NA,NA,1,NA
"Asymphorodes phalarogramma Clarke, 1986","GBIF Backbone Taxonomy",NA,NA,1,NA
"Imma feaniensis Clarke, 1986","GBIF Backbone Taxonomy",NA,NA,1,NA
"Asymphorodes mediostriatus Clarke, 1986","Catalogue of Life Checklist",NA,NA,1,NA
"Tritopterna eocnephaea (Meyrick, 1935)","Catalogue of Life Checklist",NA,NA,1,NA
"Asymphorodes nigricornis Clarke, 1986","GBIF Backbone Taxonomy",NA,NA,1,NA
"Asymphorodes trigrapha Clarke, 1986","GBIF Backbone Taxonomy",NA,NA,1,NA
"Ischnura thelmae Lieftinck, 1966","Catalogue of Life Checklist",NA,NA,1,NA
"Puffinus bailloni (Bonaparte, 1857)","Catalogue of Life Checklist",NA,NA,1,NA
"Todiramphus godeffroyi (Finsch, 1877)","Catalogue of Life Checklist",NA,NA,1,NA
"Pomarea whitneyi Murphy & Mathews, 1928","Catalogue of Life Checklist",NA,NA,1,NA
"Acrocephalus rimitarae (Murphy & Mathews, 1929)","Catalogue of Life Checklist",NA,NA,1,NA
"Pomarea mendozae (Hartlaub, 1854)","Catalogue of Life Checklist",NA,NA,1,NA
"Cryptoblabes plagioleuca Turner, 1904","Catalogue of Life Checklist",NA,NA,1,NA
"Cnaphalocrocis hemicrossa Meyrick, 1887","Catalogue of Life Checklist",NA,NA,1,NA
"Tatobotys biannulalis (Walker)","Catalogue of Life Checklist",NA,NA,1,NA
"Omiodes diemenalis (GuenÃ©e, 1854)","Catalogue of Life Checklist",NA,NA,1,NA
"Nesoscopa exsors Meyrick, 1926","Catalogue of Life Checklist",NA,NA,1,NA
"Pyroderces incertulella (Walker, 1864)","Catalogue of Life Checklist",NA,NA,1,NA
"Bradina perlucidalis Hampson, 1897","Catalogue of Life Checklist",NA,NA,1,NA
"Anticarsia irrorata (Fabricius, 1781)","Catalogue of Life Checklist",NA,NA,1,NA
"Imma assita Clarke, 1986","GBIF Backbone Taxonomy",NA,NA,1,NA
"Glyphodes phormingopa Meyrick, 1935","Catalogue of Life Checklist",NA,NA,1,NA
"Choreutis catapsesta (Meyrick, 1935)","Catalogue of Life Checklist",NA,NA,1,NA
"Agrius convolvuli Linnaeus, 1758","Catalogue of Life Checklist",NA,NA,1,NA
"Strepsicrates thyellopis (Meyrick, 1926)","Catalogue of Life Checklist",NA,NA,1,NA
"Euploea lewinii C.Felder & R.Felder","GBIF Backbone Taxonomy",NA,NA,1,NA
"Scoparia tivira Clarke, 1971","Catalogue of Life Checklist",NA,NA,1,NA
"Cleora dodonaeae Prout, 1929","Catalogue of Life Checklist",NA,NA,1,NA
"Bradina fidelia Clarke, 1986","Catalogue of Life Checklist",NA,NA,1,NA
"Stagmatophora cyma Bradley, 1953","Catalogue of Life Checklist",NA,NA,1,NA
"Pampusana erythroptera (J.F.Gmelin, 1789)","GBIF Backbone Taxonomy",NA,NA,1,NA
"Puffinus myrtae Bourne, 1959","GBIF Backbone Taxonomy",1,NA,1,NA
"Acrocephalus mendanae Tristram, 1883","Catalogue of Life Checklist",NA,NA,1,NA
"Pampusana rubescens (Vieillot, 1818)","Catalogue of Life Checklist",NA,NA,1,NA
"Vanellus miles (Boddaert, 1783)","Catalogue of Life Checklist",NA,NA,1,NA
"Todiramphus gertrudae Murphy, 1924","Catalogue of Life Checklist",NA,NA,1,NA
"Ptilinopus huttoni Finsch, 1874","Catalogue of Life Checklist",NA,NA,1,NA
"Asymphorodes albicoma Clarke, 1986","GBIF Backbone Taxonomy",NA,NA,1,NA
"Dichelopa hadrotes Clarke, 1986","Catalogue of Life Checklist",NA,NA,1,NA
"Campiglossa media (Malloch, 1938)","Catalogue of Life Checklist",NA,NA,1,NA
"Asymphorodes porphyrarcha Meyrick, 1929","Catalogue of Life Checklist",NA,NA,1,NA
"Idioblasta stenogramma Clarke, 1986","Catalogue of Life Checklist",NA,NA,1,NA
"Asymphorodes lucidus Clarke, 1986","GBIF Backbone Taxonomy",NA,NA,1,NA
"Ernophthora aphanoptera Clarke, 1986","GBIF Backbone Taxonomy",NA,NA,1,NA
"Stathmopoda argyrosticha Clarke, 1971","Catalogue of Life Checklist",NA,NA,1,NA
"Otopheidomenis treati (Prasad, 1968)","The Interim Register of Marine and Nonmarine Genera",NA,NA,1,NA
"Acicnemis crassiuscula L.Fairmaire, 1878","GBIF Backbone Taxonomy",NA,NA,1,NA
"Melania tahitensis Dunker, 1866","World Register of Marine Species",NA,1,NA,NA
"Spodoptera litura (Fabricius, 1775)","Catalogue of Life Checklist",NA,NA,1,NA
"Phelsuma laticauda (Boettger, 1880)","Catalogue of Life Checklist",NA,NA,1,NA
"Monomorium floricola (Jerdon, 1851)","Catalogue of Life Checklist",NA,NA,1,NA
"Pomarea mira Murphy & Mathews, 1928","Catalogue of Life Checklist",NA,NA,1,NA
"Coccinella transversalis Fabricus, 1781","GBIF Backbone Taxonomy",NA,NA,1,NA
"Graeffea crouanii (Le Guillou, 1841)","Catalogue of Life Checklist",NA,NA,1,NA
"Ptilinopus chrysogaster G.R.Gray, 1854","GBIF Backbone Taxonomy",NA,NA,1,NA
"Trioza vitiensis Kirkaldy, 1907","Catalogue of Life Checklist",NA,NA,1,NA
"Asymphorodes cuneatus Clarke, 1986","GBIF Backbone Taxonomy",NA,NA,1,NA
"Iressa neoleuca Clarke, 1971","Catalogue of Life Checklist",NA,NA,1,NA
"Erechthias celestra (Clarke, 1986)","Catalogue of Life Checklist",NA,NA,1,NA
"Dichelopa argyrospiloides Clarke, 1971","Catalogue of Life Checklist",NA,NA,1,NA
"Mastophorus muris (Gmelin, 1790)","The Interim Register of Marine and Nonmarine Genera",NA,NA,1,NA
"Dichelopa gnoma Clarke, 1986","Catalogue of Life Checklist",NA,NA,1,NA
"Asymphorodes canicoma Clarke, 1986","Catalogue of Life Checklist",NA,NA,1,NA
"Erechthias tritogramma (Clarke, 1986)","Catalogue of Life Checklist",NA,NA,1,NA
"Imma gloriana Clarke, 1986","GBIF Backbone Taxonomy",NA,NA,1,NA
"Erechthias melanospila (Clarke, 1971)","Catalogue of Life Checklist",NA,NA,1,NA
"Erechthias pandani (Clarke, 1971)","Catalogue of Life Checklist",NA,NA,1,NA
"Idioblasta amydrosoma Clarke, 1986","GBIF Backbone Taxonomy",NA,NA,1,NA
"Gracillaria verina Clarke, 1971","Catalogue of Life Checklist",NA,NA,1,NA
"Bradina stricta Clarke, 1986","Catalogue of Life Checklist",NA,NA,1,NA
"Asymphorodes fractura Clarke, 1986","GBIF Backbone Taxonomy",NA,NA,1,NA
"Ischnocerithium rostratum (Sowerby, 1855)","GBIF Backbone Taxonomy",1,NA,NA,NA
"Limnophora nigridorsata Malloch, 1929","Catalogue of Life Checklist",NA,NA,1,NA
"Asymphorodes diffidentia Clarke, 1986","GBIF Backbone Taxonomy",NA,NA,1,NA
"Syntomoza tahuata (Klyver, 1932)","Catalogue of Life Checklist",NA,NA,1,NA
"Batrachedra monophthalma Clarke, 1971","Catalogue of Life Checklist",NA,NA,1,NA
"Asymphorodes diamphidius Clarke, 1986","Catalogue of Life Checklist",NA,NA,1,NA
"Herlinda oligoria Clarke, 1986","GBIF Backbone Taxonomy",NA,NA,1,NA
"Dichelopa meligma Clarke, 1986","Catalogue of Life Checklist",NA,NA,1,NA
"Dichelopa messalina Clarke, 1971","Catalogue of Life Checklist",NA,NA,1,NA
"Asymphorodes seminiger Clarke, 1986","Catalogue of Life Checklist",NA,NA,1,NA
"Asymphorodes plemmelia Clarke, 1986","GBIF Backbone Taxonomy",NA,NA,1,NA
"Herlinda fasciola Clarke, 1986","GBIF Backbone Taxonomy",NA,NA,1,NA
"Asymphorodes amblysoma Clarke, 1986","Catalogue of Life Checklist",NA,NA,1,NA
"Bradina eremica Clarke, 1986","Catalogue of Life Checklist",NA,NA,1,NA
"Chloroclystis torninubis Prout, 1929","The Interim Register of Marine and Nonmarine Genera",NA,NA,1,NA
"Gonomyia tahitiensis Alexander, 1933","Union 4",NA,NA,1,NA
"Dichelopa vaccinii Clarke, 1971","Catalogue of Life Checklist",NA,NA,1,NA
"Gonomyia fuscoscutellata Alexander, 1933","Union 4",NA,NA,1,NA
"Asymphorodes aenigma Clarke, 1986","GBIF Backbone Taxonomy",NA,NA,1,NA
"Asymphorodes homosoma Clarke, 1986","GBIF Backbone Taxonomy",NA,NA,1,NA
"Wyoma dysgnoia Clarke, 1986","Catalogue of Life Checklist",NA,NA,1,NA
"Caloptilia insidia Clarke, 1986","Catalogue of Life Checklist",NA,NA,1,NA
"Ernophthora palassoptera Clarke, 1986","Catalogue of Life Checklist",NA,NA,1,NA
"Dichelopa dorsata Clarke, 1986","Catalogue of Life Checklist",NA,NA,1,NA
"Rhesalides curvata Lucas, 1895","Catalogue of Life Checklist",NA,NA,1,NA
"Chasmina tibialis Fabricius, 1775","Catalogue of Life Checklist",NA,NA,1,NA
"Tetragnatha macilenta L.Koch, 1872","GBIF Backbone Taxonomy",NA,NA,1,NA
"Tropidomantis tenera (Stal, 1858)","Catalogue of Life Checklist",NA,NA,1,NA
"Mocis frugalis (Fabricius, 1775)","Catalogue of Life Checklist",NA,NA,1,NA
"Cydia pseudomalesana Clarke, 1986","Catalogue of Life Checklist",NA,NA,1,NA
"Brachyrhynchus membranaceus (Fabricius, 1798)","The Interim Register of Marine and Nonmarine Genera",NA,NA,1,NA
"Scholastes lonchifer Hendel, 1914","Catalogue of Life Checklist",NA,NA,1,NA
"Xylosandrus crassiusculus Wood, 1982","Catalogue of Life Checklist",NA,NA,1,NA
"Leptoglossus gonagra (Fabricius, 1775)","Catalogue of Life Checklist",NA,NA,1,NA
"Australaena zimmermani Berland, 1942","Catalogue of Life Checklist",NA,NA,1,NA
"Pseudorichardia flavitarsis (Macquart, 1855)","Catalogue of Life Checklist",NA,NA,1,NA
"Anochetus graeffei Mayr, 1870","Catalogue of Life Checklist",NA,NA,1,NA
"Copostigma vitiense (Karny, 1926)","Catalogue of Life Checklist",NA,NA,1,NA
"Cyclosa tauraai Berland, 1933","Catalogue of Life Checklist",NA,NA,1,NA
"Litargus vestitus Sharp, 1879","Integrated Taxonomic Information SystemITIS",NA,NA,1,NA
"Lobopterella dimidiatipes (BolÃ­var, 1890)","Catalogue of Life Checklist",NA,NA,1,NA
"Drosophila ananassae Doleschall, 1858","Catalogue of Life Checklist",NA,NA,1,NA
"Iona minuta (Berland, 1929)","Catalogue of Life Checklist",NA,NA,1,NA
"Melanitis leda Linnaeus, 1758","Catalogue of Life Checklist",NA,NA,1,NA
"Dioxyna sororcula (Wiedemann, 1830)","Catalogue of Life Checklist",NA,NA,1,NA
"Montipora effusa (Dana, 1846)","Catalogue of Life Checklist",1,NA,NA,NA
"Ectopsocus fullawayi Enderlein, 1913","Catalogue of Life Checklist",NA,NA,1,NA
"Hyalopeplinus philippinensis Carvalho & Gross","GBIF Backbone Taxonomy",NA,NA,1,NA
"Conoderus pallipes (Eschscholtz, 1829)","The Interim Register of Marine and Nonmarine Genera",NA,NA,1,NA
"Luceria oculalis (Moore, 1877)","Catalogue of Life Checklist",NA,NA,1,NA
"Cardiocondyla minutior Forel, 1899","The Interim Register of Marine and Nonmarine Genera",NA,NA,1,NA
"Kallitaxila sinica (Walker, 1851)","Catalogue of Life Checklist",NA,NA,1,NA
"Neoscona theisi (Walckenaer, 1841)","Catalogue of Life Checklist",NA,NA,1,NA
"Sophonia orientalis (Matsumura, 1912)","Catalogue of Life Checklist",NA,NA,1,NA
"Peckia chrysostoma (Wiedemann, 1830)","Union 4",NA,NA,1,NA
"Sitobion avenae (Fabricius, 1775)","Catalogue of Life Checklist",NA,NA,1,NA
"Ponera swezeyi (Wheeler, 1933)","Catalogue of Life Checklist",NA,NA,1,NA
"Limnogonus luctuosus (Montrouzier, 1865)","Integrated Taxonomic Information SystemITIS",NA,1,1,NA
"Theridion societatis Berland, 1934","Catalogue of Life Checklist",NA,NA,1,NA
"Chalcolepidius silbermanni Chevrolat, 1835","The Interim Register of Marine and Nonmarine Genera",NA,NA,1,NA
"Clubiona samoensis Berland, 1929","Catalogue of Life Checklist",NA,NA,1,NA
"Trochoideus desjardinsi GuÃ©rin-MÃ©neville, 1857","Integrated Taxonomic Information SystemITIS",NA,NA,1,NA
"Targalla delatrix (GuenÃ©e, 1852)","Catalogue of Life Checklist",NA,NA,1,NA
"Physocyclus globosus (Taczanowski, 1874)","Catalogue of Life Checklist",NA,NA,1,NA
"Polydesma umbricola Boisduval, 1833","Catalogue of Life Checklist",NA,NA,1,NA
"Triclistus aitkeni (Cameron, 1897)","Catalogue of Life Checklist",NA,NA,1,NA
"Tangaroa tahitiensis (Berland, 1934)","Catalogue of Life Checklist",NA,NA,1,NA
"Melanostoma polynesiotes Mengual & Ramage, 2018","Catalogue of Life Checklist",NA,NA,1,NA
"Nesticodes rufipes (Lucas, 1846)","Catalogue of Life Checklist",NA,NA,1,NA
"Macroglossum hirundo Boisduval, 1832","Catalogue of Life Checklist",NA,NA,1,NA
"Chrysomya varipes (Macquart, 1851)","Catalogue of Life Checklist",NA,NA,1,NA
"Echthromorpha agrestoria (Swederus, 1787)","Catalogue of Life Checklist",NA,NA,1,NA
"Zelus renardii Kolenati, 1857","Catalogue of Life Checklist",NA,NA,1,NA
"Misumenops temihana Garb, 2007","Catalogue of Life Checklist",NA,NA,1,NA
"Utetheisa pulchelloides Hampson, 1907","Catalogue of Life Checklist",NA,NA,1,NA
"Parodynerus bicinctus (Fabricius, 1781)","Catalogue of Life Checklist",NA,NA,1,NA
"Drosophila mediostriata Duda, 1925","Catalogue of Life Checklist",NA,NA,1,NA
"Eucorynus crassicornis (J.C.Fabricius, 1802)","GBIF Backbone Taxonomy",NA,NA,1,NA
"Gnathothlibus astyanor (Boisduval)","Catalogue of Life Checklist",NA,NA,1,NA
"Acicnemis variegata L.Fairmaire, 1849","GBIF Backbone Taxonomy",NA,NA,1,NA
"Mautodontha virginiae Sartori, Gargominy & Fontaine, 2014","GBIF Backbone Taxonomy",NA,NA,1,NA
"Balaenoptera musculus (Linnaeus, 1758)","Catalogue of Life Checklist",1,NA,NA,NA
"Histrio histrio (Linnaeus, 1758)","Catalogue of Life Checklist",1,NA,NA,NA
"Synarea convexa Verrill, 1901","Integrated Taxonomic Information SystemITIS",1,NA,NA,NA
"Miocalles orbiculus (Marshall, 1931)","GBIF Backbone Taxonomy",NA,NA,1,NA
"Melanozosteria nitida (Brunner von Wattenwyl, 1865)","Catalogue of Life Checklist",NA,NA,1,NA
"Paragrubia vorax Chevreux, 1901","Catalogue of Life Checklist",1,NA,NA,NA
"Cautor granulatus (A.Adams & Reeve, 1850)","GBIF Backbone Taxonomy",1,NA,NA,NA
"Cardiocondyla nuda (Mayr, 1866)","Catalogue of Life Checklist",NA,NA,1,NA
"Succinea mammillata Pease, 1871","GBIF Backbone Taxonomy",NA,NA,1,NA
"Cryptops mirus Chamberlin, 1920","Integrated Taxonomic Information SystemITIS",NA,NA,1,NA
"Todiramphus tutus tutus","Wikispecies",NA,NA,1,NA
"Gehyra insulensis (Girard, 1858)","Catalogue of Life Checklist",NA,NA,1,NA
"Mecistocephalus angustior Chamberlin, 1920","Catalogue of Life Checklist",NA,NA,1,NA
"Helicina calliostoma Pease, 1871","GBIF Backbone Taxonomy",NA,NA,1,NA
"Junonia villida Fabricius, 1787","Catalogue of Life Checklist",NA,NA,1,NA
"Blennius tonganus Jordan & Seale, 1906","GBIF Backbone Taxonomy",1,NA,NA,NA
"Sternochetus mangiferae (J.C.Fabricius, 1775)","GBIF Backbone Taxonomy",NA,NA,1,NA
"Thelyphassa lateritia (Fairmaire, 1849)","GBIF Backbone Taxonomy",NA,NA,1,NA
"Adoretus sinicus Burmeister, 1855","Integrated Taxonomic Information SystemITIS",NA,NA,1,NA
"Adoretus versutus Harold, 1869","GBIF Backbone Taxonomy",NA,NA,1,NA
"Raiateana oulietea Boulard, 1979","Catalogue of Life Checklist",NA,NA,1,NA
"Rhyncogonus cordiformis Van Dyke, 1937","Catalogue of Life Checklist",NA,NA,1,NA
"Oopsis oblongipennis Fairmaire, 1850","Catalogue of Life Checklist",NA,NA,1,NA
"Metacolpodes monticola (Fairmaire, 1849)","Catalogue of Life Checklist",NA,NA,1,NA
"Ceresium olidum (Fairmaire, 1850)","GBIF Backbone Taxonomy",NA,NA,1,NA
"Simodactylus cinnamomeus (Boisduval, 1835)","Integrated Taxonomic Information SystemITIS",NA,NA,1,NA
"Acanthoderes quadrigibba (Say, 1831)","Catalogue of Life Checklist",NA,NA,1,NA
"Rhyncogonus sparsus Van Dyke, 1937","Catalogue of Life Checklist",NA,NA,1,NA
"Plaesius javanus Erichson, 1834","Catalogue of Life Checklist",NA,NA,1,NA
"Figulus foveicollis (Boisduval, 1835)","Catalogue of Life Checklist",NA,NA,1,NA
"Acicnemis variegatus Fairmaire, 1849","Catalogue of Life Checklist",NA,NA,1,NA
"Ceresium unicolor (Fabricius, 1787)","Catalogue of Life Checklist",NA,NA,1,NA
"Strepsicrates dyselia (Turner, 1946)","Catalogue of Life Checklist",NA,NA,1,NA
"Thalassodes pilaria GuenÃ©e, 1857","Catalogue of Life Checklist",NA,NA,1,NA
"Condica illecta (Walker, 1865)","Catalogue of Life Checklist",NA,NA,1,NA
"Gnathothlibus erotus Cramer, 1777","Catalogue of Life Checklist",NA,NA,1,NA
"Enicospilus melanocarpus Cameron, 1905","Catalogue of Life Checklist",NA,NA,1,NA
"Chrysomya rufifacies (Macquart, 1844)","Catalogue of Life Checklist",NA,NA,1,NA
"Rhomphaea cometes L.Koch, 1872","GBIF Backbone Taxonomy",NA,NA,1,NA
"Filicicoris viridis Namyatova & Cassis, 2016","GBIF Backbone Taxonomy",NA,NA,1,NA
"Lallemandana insignis (Distant, 1913)","GBIF Backbone Taxonomy",NA,NA,1,NA
"Pterolophia lateripicta (Fairmaire, 1879)","Catalogue of Life Checklist",NA,NA,1,NA
"Omphalotropis robusta Pease, 1869","World Register of Marine Species",NA,NA,1,NA
"Bactrocera perfusca (Aubertin, 1929)","Integrated Taxonomic Information SystemITIS",NA,NA,1,NA
"Bactrocera kirki (Froggatt, 1911)","Integrated Taxonomic Information SystemITIS",NA,NA,1,NA
"Simulium oviceps Edwards, 1933","Catalogue of Life Checklist",NA,NA,1,NA
"Simulium rurutuense Craig, 1997","Catalogue of Life Checklist",NA,NA,1,NA
"Simulium buissoni Roubaud, 1906","Catalogue of Life Checklist",NA,NA,1,NA
"Simulium gallinum Edwards, 1932","Catalogue of Life Checklist",NA,NA,1,NA
"Simulium lotii Craig, 1987","Catalogue of Life Checklist",NA,NA,1,NA
"Simulium malardei Craig, 1987","Catalogue of Life Checklist",NA,NA,1,NA
"Simulium exasperans Craig, 1987","Catalogue of Life Checklist",NA,NA,1,NA
"Simulium hirticranium Craig & Joy, 2000","Catalogue of Life Checklist",NA,NA,1,NA
"Simulium cheesmanae Edwards, 1927","Catalogue of Life Checklist",NA,NA,1,NA
"Simulium dojeycorium Craig, 1997","Catalogue of Life Checklist",NA,NA,1,NA
"Simulium evenhuisi Craig, 1997","Catalogue of Life Checklist",NA,NA,1,NA
"Simulium maraaense Craig, 1997","Catalogue of Life Checklist",NA,NA,1,NA
"Simulium dussertorum Craig, 1997","Catalogue of Life Checklist",NA,NA,1,NA
"Simulium shannonae Craig, 1997","Catalogue of Life Checklist",NA,NA,1,NA
"Simulium cataractarum Craig, 1987","Catalogue of Life Checklist",NA,NA,1,NA
"Simulium tahitiense Edwards, 1927","Catalogue of Life Checklist",NA,NA,1,NA
"Simulium lonckei Craig, 1997","Catalogue of Life Checklist",NA,NA,1,NA
"Labahitha marginata (Kishida, 1936)","Catalogue of Life Checklist",NA,NA,1,NA
"Swezeyia lyricen Kirkaldy, 1906","Catalogue of Life Checklist",NA,NA,1,NA
"Theridion melanostictum O.Pickard-Cambridge, 1876","GBIF Backbone Taxonomy",NA,NA,1,NA
"Tachysphex fanuiensis Cheesman, 1928","Catalogue of Life Checklist",NA,NA,1,NA
"Hydrotetrix hivaoana Tinkham, 1938","Catalogue of Life Checklist",NA,NA,1,NA
"Sulanyssus caput-medusae (Trouessart, 1887)","The Interim Register of Marine and Nonmarine Genera",NA,NA,1,NA
"Trachyrhizium urniformis Shiratori & Ishida, 2016","GBIF Backbone Taxonomy",1,NA,NA,NA
"Aulographis japonica Nakamura, Tuji & Suzuki, 2013","GBIF Backbone Taxonomy",1,NA,NA,NA
"Euplotes qatarensis Fotedar, Stoeck, Filker, Fell, Agatha, Marria & Jiang, 2016","GBIF Backbone Taxonomy",1,NA,NA,NA
"Gehyra mutilata (Wiegmann, 1834)","Catalogue of Life Checklist",NA,NA,1,NA
"Hemidactylus garnotii DumÃ©ril & Bibron, 1836","Catalogue of Life Checklist",NA,NA,1,NA
"Hemiphyllodactylus typus Bleeker, 1860","Catalogue of Life Checklist",NA,NA,1,NA
"Ptilinopus mercierii (Des Murs & PrÃ©vost, 1849)","Catalogue of Life Checklist",NA,NA,1,NA
"Asymphorodes leucoloma Clarke, 1986","GBIF Backbone Taxonomy",NA,NA,1,NA
"Carposina paracrinifera Clarke, 1971","Catalogue of Life Checklist",NA,NA,1,NA
"Erechthias coprosoma (Clarke, 1971)","Catalogue of Life Checklist",NA,NA,1,NA
"Cosmopterix nonna Clarke, 1986","GBIF Backbone Taxonomy",NA,NA,1,NA
"Pocillopora solida Quelch, 1886","World Register of Marine Species",1,NA,NA,NA
"Gemmaria marquesana Boone, 1938","World Register of Marine Species",1,NA,NA,NA
"Cycloseris tenuis (Dana, 1846)","Catalogue of Life Checklist",1,NA,NA,NA
"Madrepora papillosa Ellis & Solander, 1786","World Register of Marine Species",1,NA,NA,NA
"Zoanthus ransoni F.Pax & I.MÃ¼ller, 1956","GBIF Backbone Taxonomy",1,NA,NA,NA
"Anthrax semiscitus Walker, 1856","Catalogue of Life Checklist",NA,NA,1,NA
"Helicina pisum Philippi, 1847","World Register of Marine Species",NA,NA,1,NA
"Dichelopa sericopis Meyrick, 1926","Catalogue of Life Checklist",NA,NA,1,NA
"Cleora esoterica Prout, 1929","Catalogue of Life Checklist",NA,NA,1,NA
"Idioblasta linearis Clarke, 1986","Catalogue of Life Checklist",NA,NA,1,NA
"Asymphorodes cicatricula Clarke, 1986","GBIF Backbone Taxonomy",NA,NA,1,NA
"Yama tahitiensis Sublette & Martin, 1980","Catalogue of Life Checklist",NA,NA,1,NA
"Erechthias aspera (Clarke, 1986)","Catalogue of Life Checklist",NA,NA,1,NA
"Imma rotia Clarke, 1986","GBIF Backbone Taxonomy",NA,NA,1,NA
"Dichelopa paragnoma Clarke, 1986","Catalogue of Life Checklist",NA,NA,1,NA
"Epicephala spinula Clarke, 1986","Catalogue of Life Checklist",NA,NA,1,NA
"Simulium adamsoni Edwards, 1932","Catalogue of Life Checklist",NA,NA,1,NA
"Simulium bogusium Craig, 1997","Catalogue of Life Checklist",NA,NA,1,NA
"Simulium concludium Craig, 1997","Catalogue of Life Checklist",NA,NA,1,NA
"Simulium connae Craig, 1997","Catalogue of Life Checklist",NA,NA,1,NA
"Simulium middlemissae Craig, 1997","Catalogue of Life Checklist",NA,NA,1,NA
"Simulium fossatiae Craig, 1997","Catalogue of Life Checklist",NA,NA,1,NA
"Simulium neoviceps Craig, 1987","Catalogue of Life Checklist",NA,NA,1,NA
"Simulium hukaense SÃ©chan, 1983","Catalogue of Life Checklist",NA,NA,1,NA
"Simulium anatolicum Craig, 1987","Catalogue of Life Checklist",NA,NA,1,NA
"Simulium castaneum Craig, 1987","Catalogue of Life Checklist",NA,NA,1,NA
"Simulium sublonckei Craig, 2004","Catalogue of Life Checklist",NA,NA,1,NA
"Simulium pichoni Craig, Fossati & SÃ©chan, 1995","Catalogue of Life Checklist",NA,NA,1,NA
"Simulium arlecchinum Craig, 1987","Catalogue of Life Checklist",NA,NA,1,NA
"Simulium mesodontium Craig, 1987","Catalogue of Life Checklist",NA,NA,1,NA
"Simulium fararae Craig & Joy, 2000","Catalogue of Life Checklist",NA,NA,1,NA
"Simulium jnabsium Craig, 1997","Catalogue of Life Checklist",NA,NA,1,NA
"Simulium raivavaense Craig & Porch","GBIF Backbone Taxonomy",NA,NA,1,NA
"Simulium proctorae Craig, 1997","Catalogue of Life Checklist",NA,NA,1,NA
"Simulium clibanarium Craig, 1997","Catalogue of Life Checklist",NA,NA,1,NA
"Simulium joyae Craig & Joy, 2000","Catalogue of Life Checklist",NA,NA,1,NA
"Simulium rivierei Craig, Fossati & SÃ©chan, 1995","Catalogue of Life Checklist",NA,NA,1,NA
"Simulium pallidicranium Craig & Joy, 2000","Catalogue of Life Checklist",NA,NA,1,NA
"Simulium sechani Craig & Fossati, 1995","Catalogue of Life Checklist",NA,NA,1,NA
"Czernyola palliseta (Malloch, 1929)","Catalogue of Life Checklist",NA,NA,1,NA
"Autosticha merista Clarke, 1971","Catalogue of Life Checklist",NA,NA,1,NA
"Asymphorodes regina Clarke, 1986","GBIF Backbone Taxonomy",NA,NA,1,NA
"Ephysteris longicornis Clarke, 1986","Catalogue of Life Checklist",NA,NA,1,NA
"Bootania moorea Desjardins & Grissell, 2002","Catalogue of Life Checklist",NA,NA,1,NA
"Encolapta melaina (Clarke, 1986)","Catalogue of Life Checklist",NA,NA,1,NA
"Glyphodes eudoxia Clarke, 1971","Catalogue of Life Checklist",NA,NA,1,NA
"Idioblasta acrogramma Clarke, 1986","Catalogue of Life Checklist",NA,NA,1,NA
"Asymphorodes leptotes Clarke, 1986","Catalogue of Life Checklist",NA,NA,1,NA
"Asymphorodes hemileucus Clarke, 1986","GBIF Backbone Taxonomy",NA,NA,1,NA
"Metastrongylus elongatus (Dujardin, 1845)","GBIF Backbone Taxonomy",NA,NA,1,NA
"Dichelopa pulcheria Clarke, 1971","Catalogue of Life Checklist",NA,NA,1,NA
"Syritta aenigmatopatria Hardy, 1964","Catalogue of Life Checklist",NA,NA,1,NA
"Fautaua diagonalis Collenette, 1929","Catalogue of Life Checklist",NA,NA,1,NA
"Gnathothlibus collardi Haxaire, 2002","GBIF Backbone Taxonomy",NA,NA,1,NA
"Hysteroneura setariae (Thomas, 1878)","Catalogue of Life Checklist",NA,NA,1,NA
"Neonesiotes remiformis Millidge, 1991","Catalogue of Life Checklist",NA,NA,1,NA
"Gyrineum pusillum (Broderip, 1833)","Catalogue of Life Checklist",1,NA,NA,NA
"Prionovolva brevis (G.B.Sowerby I, 1828)","GBIF Backbone Taxonomy",1,NA,NA,NA
"Cerithium nodulosum BruguiÃ¨re, 1792","Catalogue of Life Checklist",1,NA,NA,NA
"Scoliopteryx libatrix Linnaeus, 1758","Catalogue of Life Checklist",NA,NA,1,NA
"Gynaikothrips uzeli (Zimmermann, 1900)","Catalogue of Life Checklist",NA,NA,1,NA
"Wyeomyia mitchellii (Theobald, 1905)","Integrated Taxonomic Information SystemITIS",NA,1,1,NA
"Asymphorodes macrogramma Clarke, 1986","GBIF Backbone Taxonomy",NA,NA,1,NA
"Asymphorodes emphereia Clarke, 1986","GBIF Backbone Taxonomy",NA,NA,1,NA
"Opogona discordia Clarke, 1986","Catalogue of Life Checklist",NA,NA,1,NA
"Asymphorodes favilla Clarke, 1986","GBIF Backbone Taxonomy",NA,NA,1,NA
"Aukena tridentata (H.B.Baker, 1940)","GBIF Backbone Taxonomy",NA,NA,1,NA
"Aukena endodonta Bouchet & Abdou, 2001","GBIF Backbone Taxonomy",NA,NA,1,NA
"Parapercis tetracantha (LacepÃ¨de, 1801)","Catalogue of Life Checklist",1,NA,NA,NA
"Melampus striatus Pease, 1861","World Register of Marine Species",1,NA,NA,NA
"Isometrus maculatus (DeGeer, 1778)","Catalogue of Life Checklist",NA,NA,1,NA
"Glenognatha hirsutissima (Berland, 1935)","Catalogue of Life Checklist",NA,NA,1,NA
"Asymphorodes poliopterus Clarke, 1986","Catalogue of Life Checklist",NA,NA,1,NA
"Stathmopoda percnophthalma Clarke, 1971","Catalogue of Life Checklist",NA,NA,1,NA
"Zamagiria exedra Clarke, 1986","Catalogue of Life Checklist",NA,NA,1,NA
"Libnotes orofenaae (Alexander, 1947)","Union 4",NA,NA,1,NA
"Erechthias pagophila (Clarke, 1971)","Catalogue of Life Checklist",NA,NA,1,NA
"Conus marmoreus Linnaeus, 1758","Catalogue of Life Checklist",1,NA,NA,NA
"Stangeia rapae Clarke, 1971","Catalogue of Life Checklist",NA,NA,1,NA
"Rotalia menardii Parker, Jones & Brady, 1865","GBIF Backbone Taxonomy",1,NA,NA,NA
"Ophioblennius phalacrus Clark, 1938","GBIF Backbone Taxonomy",1,NA,NA,NA
"Paragobiodon kerri Smith, 1931","GBIF Backbone Taxonomy",1,NA,NA,NA
"Chalcophora japonica (Gory, 1840)","Catalogue of Life Checklist",NA,NA,1,NA
"Vini kuhlii (Vigors, 1824)","Catalogue of Life Checklist",NA,NA,1,NA
"Tramea transmarina Brauer, 1867","Catalogue of Life Checklist",NA,NA,1,NA
"Diachus auratus (Fabricius, 1801)","Integrated Taxonomic Information SystemITIS",NA,NA,1,NA
"Candoia bibroni (DumÃ©ril & Bibron, 1844)","Catalogue of Life Checklist",NA,NA,1,NA
"Estrilda troglodytes (Lichtenstein, 1823)","Catalogue of Life Checklist",NA,NA,1,NA
"Phalanta gabertii (GuÃ©rin-MÃ©neville, 1829)","Catalogue of Life Checklist",NA,NA,1,NA
"Chironomus samoensis Edwards, 1928","Catalogue of Life Checklist",NA,1,1,NA
"Allograpta jacqi Mengual & Ramage, 2018","Catalogue of Life Checklist",NA,NA,1,NA
"Macarostola pontificalis (Meyrick, 1928)","Catalogue of Life Checklist",NA,NA,1,NA
"Psammoecus pradieri Grouvelle, 1878","The Interim Register of Marine and Nonmarine Genera",NA,NA,1,NA
"Nacaduba tahitiensis Hara & Hirowatari, 1989","GBIF Backbone Taxonomy",NA,NA,1,NA
"Heteropoda nobilis (L.Koch, 1875)","GBIF Backbone Taxonomy",NA,NA,1,NA
"Cerithium torulosum (Linnaeus, 1767)","The Interim Register of Marine and Nonmarine Genera",1,NA,NA,NA
"Pupa affinis (A.Adams, 1855)","GBIF Backbone Taxonomy",1,NA,NA,NA
"Polistes aurifer de Saussure, 1853","Catalogue of Life Checklist",NA,NA,1,NA
"Syllophopsis australica (Forel, 1907)","GBIF Backbone Taxonomy",NA,NA,1,NA
"Monomorium destructor (Jerdon, 1851)","Catalogue of Life Checklist",NA,NA,1,NA
"Monomorium liliuokalanii Forel, 1899","Catalogue of Life Checklist",NA,NA,1,NA
"Pheidole oceanica Mayr, 1866","Catalogue of Life Checklist",NA,NA,1,NA
"Pheidole umbonata Mayr, 1870","Catalogue of Life Checklist",NA,NA,1,NA
"Ponera tenuis (Emery, 1900)","Catalogue of Life Checklist",NA,NA,1,NA
"Pyramica membranifera (Emery, 1869)","Catalogue of Life Checklist",NA,NA,1,NA
"Homalopoma picta","National Center for Biotechnology Information",1,NA,NA,NA
"Petroscirtes quadrimaculatus Kendall & Goldsborough, 1911","GBIF Backbone Taxonomy",1,NA,NA,NA
"Scolopendra dehaani Brandt, 1840","Integrated Taxonomic Information SystemITIS",NA,NA,1,NA
"Arca fusca (Lightfoot), 1786","Catalogue of Life Checklist",1,NA,NA,NA
"Pinctada vulgaris (Schumacher, 1817)","World Register of Marine Species",1,NA,NA,NA
"Noduliferola marquesana (Clarke, 1986)","Catalogue of Life Checklist",NA,NA,1,NA
"Dichelopa argema Clarke, 1986","Catalogue of Life Checklist",NA,NA,1,NA
"Sceliphron curvatum (F.Smith, 1870)","GBIF Backbone Taxonomy",NA,NA,1,NA
"Turbo crassus W.Wood, 1828","GBIF Backbone Taxonomy",1,NA,NA,NA
"Trioza zimmermani Tuthill, 1942","Catalogue of Life Checklist",NA,NA,1,NA
"Asymphorodes paraporia Clarke, 1986","GBIF Backbone Taxonomy",NA,NA,1,NA
"Dichelopa platyxantha Clarke, 1986","Catalogue of Life Checklist",NA,NA,1,NA
"Ernophthora iospila Clarke, 1986","Catalogue of Life Checklist",NA,NA,1,NA
"Aspidosiphon muelleri Diesing, 1851","Integrated Taxonomic Information SystemITIS",1,NA,NA,NA
"Stylophora paumotensis Chevalier, 1976","GBIF Backbone Taxonomy",1,NA,NA,NA
"Technomyrmex albipes (Smith, 1861)","Catalogue of Life Checklist",NA,NA,1,NA
"Omphalotropis subimperforata C.Boettger, 1916","GBIF Backbone Taxonomy",NA,NA,1,NA
"Callionymus cookii GÃ¼nther, 1872","GBIF Backbone Taxonomy",1,NA,NA,NA
"Rissoina costulata Dunker, 1860","The Interim Register of Marine and Nonmarine Genera",1,NA,NA,NA
"Monomorium antarcticum (Smith, 1858)","Catalogue of Life Checklist",NA,NA,1,NA
"Strumigenys insula (Bolton, 2000)","GBIF Backbone Taxonomy",NA,NA,1,NA
"Tetramorium tonganum Mayr, 1870","Catalogue of Life Checklist",NA,NA,1,NA
"Oligomyrmex tahitiensis Wheeler, 1936","Catalogue of Life Checklist",NA,NA,1,NA
"Pardalophora apiculata (Harris, 1835)","Catalogue of Life Checklist",NA,NA,1,NA
"Cheletopsis prosobonialis Bochkov, Fain & Dabert, 2002","Catalogue of Life Checklist",NA,NA,1,NA
"Dichelopa rhodographa Clarke, 1971","Catalogue of Life Checklist",NA,NA,1,NA
"Asymphorodes chrysophanes Clarke, 1986","GBIF Backbone Taxonomy",NA,NA,1,NA
"Eudonia aplysia Clarke, 1986","Catalogue of Life Checklist",NA,NA,1,NA
"Tirsa fiona Clarke, 1971","Catalogue of Life Checklist",NA,NA,1,NA
"Dichelopa canitia Clarke, 1986","Catalogue of Life Checklist",NA,NA,1,NA
"Rhyncogonus mimus Perkins, 1928","GBIF Backbone Taxonomy",NA,NA,1,NA
"Thaumatotibia nythobia (Clarke, 1971)","Catalogue of Life Checklist",NA,NA,1,NA
"Mesohomotoma hibisci (Froggatt, 1901)","Catalogue of Life Checklist",NA,NA,1,NA
"Coridromius tahitiensis Tatarnic & Cassis, 2008","Catalogue of Life Checklist",NA,NA,1,NA
"Herlinda phaeoxantha Clarke, 1986","GBIF Backbone Taxonomy",NA,NA,1,NA
"Metasia empelioptera Clarke, 1971","Catalogue of Life Checklist",NA,NA,1,NA
"Sigaloessa insularis Malloch, 1930","Catalogue of Life Checklist",NA,NA,1,NA
"Metasia gnorisma Clarke, 1971","Catalogue of Life Checklist",NA,NA,1,NA
"Asymphorodes hypostema Clarke, 1986","GBIF Backbone Taxonomy",NA,NA,1,NA
"Trioza alipellucida Klyver, 1932","Catalogue of Life Checklist",NA,NA,1,NA
"Imma heppneri Clarke, 1986","GBIF Backbone Taxonomy",NA,NA,1,NA
"Photodotis peregrina (Clarke, 1971)","Catalogue of Life Checklist",NA,NA,1,NA
"Metasia chionostigma Clarke, 1971","Catalogue of Life Checklist",NA,NA,1,NA
"Hyalopeplus marquesanus Carvalho & Gross","GBIF Backbone Taxonomy",NA,NA,1,NA
"Gonomyia punctigera Alexander, 1933","Union 4",NA,NA,1,NA
"Mallada basalis (Walker, 1853)","Catalogue of Life Checklist",NA,NA,1,NA
"Aedes scutellaris (Walker, 1858)","Union 4",NA,1,1,NA
"Chrysoperla externa (Hagen, 1861)","Catalogue of Life Checklist",NA,NA,1,NA
"Creophilus erythrocephalus (Fabricius, 1775)","Catalogue of Life Checklist",NA,NA,1,NA
"Melanoxanthus paeninsularis Chassain, 2001","The Interim Register of Marine and Nonmarine Genera",NA,NA,1,NA
"Agrilus indignus Fairmaire, 1849","Catalogue of Life Checklist",NA,NA,1,NA
"Rhyncogonus duhameli Ramage, 2021","GBIF Backbone Taxonomy",NA,NA,1,NA
"Simodactylus perraulti Chassain, 2001","The Interim Register of Marine and Nonmarine Genera",NA,NA,1,NA
"Tenebroides tahiti KolibÃ¡ & Porch, 2020","GBIF Backbone Taxonomy",NA,NA,1,NA
"Dicranomyia tahitiensis (Alexander, 1921)","Union 4",NA,1,1,NA
"Comodica signata Clarke, 1986","Catalogue of Life Checklist",NA,NA,1,NA
"Asymphorodes culminis Clarke, 1986","GBIF Backbone Taxonomy",NA,NA,1,NA
"Dichelopa ochroma Clarke, 1986","Catalogue of Life Checklist",NA,NA,1,NA
"Asymphorodes trichogramma Clarke, 1986","Catalogue of Life Checklist",NA,NA,1,NA
"Erechthias incongrua (Clarke, 1986)","Catalogue of Life Checklist",NA,NA,1,NA
"Dichelopa dendrophila Clarke, 1971","Catalogue of Life Checklist",NA,NA,1,NA
"Asymphorodes sericeus Clarke, 1986","Catalogue of Life Checklist",NA,NA,1,NA
"Asymphorodes brevimacula Clarke, 1986","GBIF Backbone Taxonomy",NA,NA,1,NA
"Dichelopa myopori Clarke, 1971","Catalogue of Life Checklist",NA,NA,1,NA
"Imma impariseta Clarke, 1986","GBIF Backbone Taxonomy",NA,NA,1,NA
"Asymphorodes acritopterus Clarke, 1986","Catalogue of Life Checklist",NA,NA,1,NA
"Cleora caliginosa Orhant, 2003","GBIF Backbone Taxonomy",NA,NA,1,NA
"Cleora longipectina Orhant, 2002","GBIF Backbone Taxonomy",NA,NA,1,NA
"Helicina hartmani MacMillan, 1946","World Register of Marine Species",NA,NA,1,NA
"Helicina bitaeniata Hartman, 1890","World Register of Marine Species",NA,NA,1,NA
"Mendana marquesana (Pease, 1868)","GBIF Backbone Taxonomy",NA,NA,1,NA
"Columbella vitiensis Dunker, 1871","GBIF Backbone Taxonomy",1,NA,NA,NA
"Nerita maculata G.B.Sowerby I, 1825","GBIF Backbone Taxonomy",1,NA,NA,NA
"Prohydrometra tohiea D.Polhemus, 2022","GBIF Backbone Taxonomy",NA,NA,1,NA
"Prohydrometra englundi D.Polhemus, 2022","GBIF Backbone Taxonomy",NA,NA,1,NA
"Prohydrometra moorea D.Polhemus, 2022","GBIF Backbone Taxonomy",NA,NA,1,NA
"Hydrometra gagnei J.Polhemus & D.Polhemus, 1995","GBIF Backbone Taxonomy",NA,NA,1,NA
"Prohydrometra johnpolhemi D.Polhemus, 2022","GBIF Backbone Taxonomy",NA,NA,1,NA
"Marquesametra hivaoa D.Polhemus, 2022","GBIF Backbone Taxonomy",NA,NA,1,NA
"Prohydrometra teatara D.Polhemus, 2022","GBIF Backbone Taxonomy",NA,NA,1,NA
"Lithurgus scabrosus (Smith, 1859)","Catalogue of Life Checklist",NA,NA,1,NA
"Trioza alifumosa Klyver, 1932","Catalogue of Life Checklist",NA,NA,1,NA
"Carcharias megalodon (Agassiz, 1835)","GBIF Backbone Taxonomy",1,NA,NA,NA
"Campsicnemus scurra Parent, 1934","Catalogue of Life Checklist",NA,NA,1,NA
"Campsicnemus uncleremus Evenhuis, 2000","Catalogue of Life Checklist",NA,NA,1,NA
"Monomorium australicum Forel, 1907","Catalogue of Life Checklist",NA,NA,1,NA
"Rogeria stigmatica Emery, 1897","Catalogue of Life Checklist",NA,NA,1,NA
"Tapinoma minutum Mayr, 1862","Catalogue of Life Checklist",NA,NA,1,NA
"Rhyncogonus viridescens Van Dyke, 1937","Catalogue of Life Checklist",NA,NA,1,NA
"Rhyncogonus adamsoni Van Dyke, 1932","GBIF Backbone Taxonomy",NA,NA,1,NA
"Aposthonia oceania (Ross, 1951)","Catalogue of Life Checklist",NA,NA,1,NA
"Zeoleusis insularis (Cameron, 1936)","Catalogue of Life Checklist",NA,NA,1,NA
"Bactrocera luteola (Malloch, 1931)","Integrated Taxonomic Information SystemITIS",NA,NA,1,NA
"Tetragnatha tuamoaa Gillespie, 2003","Catalogue of Life Checklist",NA,NA,1,NA
"Tetragnatha moua Gillespie, 2003","Catalogue of Life Checklist",NA,NA,1,NA
"Rhyncogonus angustus Van Dyke, 1937","Catalogue of Life Checklist",NA,NA,1,NA
"Rhyncogonus hispidus Van Dyke, 1937","Catalogue of Life Checklist",NA,NA,1,NA
"Campsicnemus tahaanus Evenhuis, 2008","Catalogue of Life Checklist",NA,NA,1,NA
"Campsicnemus craigi Evenhuis, 2013","Catalogue of Life Checklist",NA,NA,1,NA
"Campsicnemus hihiroa Evenhuis, 2009","Catalogue of Life Checklist",NA,NA,1,NA
"Enochrus elongatulus (W.J.MacLeay, 1871)","GBIF Backbone Taxonomy",NA,1,NA,NA
"Allograpta amphotera (Bezzi, 1928)","GBIF Backbone Taxonomy",NA,NA,1,NA
"Rhyncogonus excavatus Van Dyke, 1937","Catalogue of Life Checklist",NA,NA,1,NA
"Rhyncogonus ochraceus Van Dyke, 1932","GBIF Backbone Taxonomy",NA,NA,1,NA
"Mecyclothorax aa Liebherr, 2008","GBIF Backbone Taxonomy",NA,NA,1,NA
"Rhyncogonus othello Van Dyke, 1937","Catalogue of Life Checklist",NA,NA,1,NA
"Rhyncogonus nodosus Van Dyke, 1937","Catalogue of Life Checklist",NA,NA,1,NA
"Rhyncogonus planatus Van Dyke, 1932","GBIF Backbone Taxonomy",NA,NA,1,NA
"Rhabdoscelus obscurus (Boisduval, 1835)","Integrated Taxonomic Information SystemITIS",NA,NA,1,NA
"Phenolia attenuata (Reitter, 1879)","Integrated Taxonomic Information SystemITIS",NA,NA,1,NA
"Campsicnemus taratara Evenhuis, 2009","Catalogue of Life Checklist",NA,NA,1,NA
"Exitianus plebeius (Kirkaldy, 1906)","Catalogue of Life Checklist",NA,NA,1,NA
"Rhyncogonus fulvus Van Dyke, 1937","Catalogue of Life Checklist",NA,NA,1,NA
"Aethina concolor (Macleay, 1872)","Integrated Taxonomic Information SystemITIS",NA,NA,1,NA
"Campsicnemus zigzag Evenhuis, 2008","Catalogue of Life Checklist",NA,NA,1,NA
"Limnogonus cheesmani Lundblad, 1934","Integrated Taxonomic Information SystemITIS",NA,1,NA,NA
"Leptocoris rufomarginatus (Fabricius, 1794)","Catalogue of Life Checklist",NA,NA,1,NA
"Rhyncogonus opacipennis Van Dyke, 1937","Catalogue of Life Checklist",NA,NA,1,NA
"Spodoptera mauritia (Boisduval, 1833)","Catalogue of Life Checklist",NA,NA,1,NA
"Aphis medicaginis Koch, 1854","Catalogue of Life Checklist",NA,NA,1,NA
"Campsicnemus ridiculoides Evenhuis, 2016","Catalogue of Life Checklist",NA,NA,1,NA
"Rhyncogonus pulvereus Van Dyke, 1937","Catalogue of Life Checklist",NA,NA,1,NA
"Campsicnemus lobatus Evenhuis, 2008","Catalogue of Life Checklist",NA,NA,1,NA
"Rhyncogonus expansus Van Dyke, 1937","Catalogue of Life Checklist",NA,NA,1,NA
"Bavia aericeps Simon, 1877","Catalogue of Life Checklist",NA,NA,1,NA
"Melanozosteria soror (Brunner von Wattenwyl, 1865)","Catalogue of Life Checklist",NA,NA,1,NA
"Rhyncogonus brevis Van Dyke, 1932","GBIF Backbone Taxonomy",NA,NA,1,NA
"Rhyncogonus nigroaeneus Van Dyke, 1937","Catalogue of Life Checklist",NA,NA,1,NA
"Ananca kanack (Fairmaire, 1849)","Integrated Taxonomic Information SystemITIS",NA,NA,1,NA
"Rhyncogonus caudatus Van Dyke, 1937","Catalogue of Life Checklist",NA,NA,1,NA
"Carpophilus dimidiatus (Fabricius, 1792)","Integrated Taxonomic Information SystemITIS",NA,NA,1,NA
"Platythyrea parallela (Smith, 1859)","Catalogue of Life Checklist",NA,NA,1,NA
"Campsicnemus ostlinx Evenhuis, 2008","Catalogue of Life Checklist",NA,NA,1,NA
"Carpophilus oculatus Murray, 1864","Integrated Taxonomic Information SystemITIS",NA,NA,1,NA
"Carposina longignathosa Medeiros & Oboyski, 2016","GBIF Backbone Taxonomy",NA,NA,1,NA
"Campsicnemus gladiator Evenhuis, 2009","Catalogue of Life Checklist",NA,NA,1,NA
"Homoneura hawaiiensis (Grimshaw, 1902)","Catalogue of Life Checklist",NA,NA,1,NA
"Smeringopus pallidus (Blackwall, 1858)","Catalogue of Life Checklist",NA,NA,1,NA
"Rhyncogonus eximius Perkins, 1928","GBIF Backbone Taxonomy",NA,NA,1,NA
"Rhyncogonus tuberosus Van Dyke, 1937","Catalogue of Life Checklist",NA,NA,1,NA
"Carposina brevinotata Medeiros & Oboyski, 2016","GBIF Backbone Taxonomy",NA,NA,1,NA
"Americhernes kanaka (J.C.Chamberlin, 1938)","GBIF Backbone Taxonomy",NA,NA,1,NA
"Rhyncogonus navicularis Marshall, 1930","GBIF Backbone Taxonomy",NA,NA,1,NA
"Rhyncogonus ventralis Van Dyke, 1937","Catalogue of Life Checklist",NA,NA,1,NA
"Pseudoloxops tahiticus (Knight, 1937)","Catalogue of Life Checklist",NA,NA,1,NA
"Hogna crispipes (L.Koch, 1877)","GBIF Backbone Taxonomy",NA,NA,1,NA
"Rhyncogonus pectoralis Van Dyke, 1937","Catalogue of Life Checklist",NA,NA,1,NA
"Haplochernes funafutensis (With, 1907)","Catalogue of Life Checklist",NA,NA,1,NA
"Rhyncogonus duplex Perkins, 1928","GBIF Backbone Taxonomy",NA,NA,1,NA
"Rhyncogonus testudineus Van Dyke, 1937","Catalogue of Life Checklist",NA,NA,1,NA
"Longipalpus gynandropsidis (Fairmaire, 1850)","Catalogue of Life Checklist",NA,NA,1,NA
"Rhyncogonus longulus Van Dyke, 1937","Catalogue of Life Checklist",NA,NA,1,NA
"Rhyncogonus otiorhyncoides (Fairmaire, 1849)","GBIF Backbone Taxonomy",NA,NA,1,NA
"Rhyncogonus pleuralis Van Dyke, 1937","Catalogue of Life Checklist",NA,NA,1,NA
"Rhyncogonus lateralis Van Dyke, 1932","GBIF Backbone Taxonomy",NA,NA,1,NA
"Ischnura cardinalis Kimmins, 1929","Catalogue of Life Checklist",NA,1,1,NA
"Campsicnemus meyeri Evenhuis, 2013","Catalogue of Life Checklist",NA,1,1,NA
"Rhyncogonus rufulus Van Dyke, 1937","Catalogue of Life Checklist",0,0,1,0
"Rhyncogonus tenebrosus Van Dyke, 1937","Catalogue of Life Checklist",0,0,1,0
"Rhyncogonus corvus Van Dyke, 1932","GBIF Backbone Taxonomy",0,0,1,0
"Pseudoloxops adamsoni (Knight, 1937)","Catalogue of Life Checklist",0,0,1,0
"Platysulcus tardus Shiratori, Takeshi & Ken-ichiro, 2015","GBIF Backbone Taxonomy",NA,NA,NA,NA
"Maruca vitrata (Fabricius, 1787)","Catalogue of Life Checklist",0,0,1,0
"Asymphorodes chalcosoma Clarke, 1986","GBIF Backbone Taxonomy",0,0,1,0
"Asymphorodes aporia Clarke, 1986","GBIF Backbone Taxonomy",0,0,1,0
"Asymphorodes bipunctatus Clarke, 1986","Catalogue of Life Checklist",0,0,1,0
"Cryptotermes dolei (Light, 1932)","Catalogue of Life Checklist",0,0,1,0
"Asymphorodes nuciferae Clarke, 1986","GBIF Backbone Taxonomy",0,0,1,0
"Echthromorpha marquisensis Cheesman, 1928","Catalogue of Life Checklist",0,0,1,0
"Eudonia clavula Clarke, 1986","Catalogue of Life Checklist",0,0,1,0
"Micromimetus pictipes Eyles, 1999","Catalogue of Life Checklist",0,0,1,0
"Todiramphus sacer (J.F.Gmelin, 1788)","GBIF Backbone Taxonomy",NA,1,1,NA
"Pomarea nukuhivae Murphy & Mathews, 1928","Catalogue of Life Checklist",0,0,1,0
"Acrocephalus astrolabii Holyoak & Thibault, 1978","Catalogue of Life Checklist",0,0,1,0
"Braunsapis puangensis (Cockerell, 1929)","Catalogue of Life Checklist",0,0,1,0
"Perinia tumida Dana, 1852","Integrated Taxonomic Information SystemITIS",NA,NA,NA,NA
"Scaphisoma jacqi Lobl & Ramage, 2022","Catalogue of Life Checklist",NA,NA,1,NA
"Pocillopora solida Umbgrove, 1926","Catalogue of Life Checklist",NA,NA,NA,NA
"Alectis indica (RÃ¼ppell, 1830)","Catalogue of Life Checklist",NA,NA,NA,NA
"Vanikoro rugata A.Adams, 1854","GBIF Backbone Taxonomy",NA,NA,NA,NA
"Parlatoria cinerea Hadden, 1909","Catalogue of Life Checklist",NA,NA,1,NA
"Bradina emphasis Clarke, 1986","Catalogue of Life Checklist",NA,NA,1,NA
"Eudonia achlya Clarke, 1986","Catalogue of Life Checklist",NA,NA,1,NA
"Autosticha leucoptera Clarke, 1986","GBIF Backbone Taxonomy",NA,NA,1,NA
"Stangeia distantia Clarke, 1986","Catalogue of Life Checklist",NA,NA,1,NA
"Pampusana jobiensis (A.B.Meyer, 1875)","GBIF Backbone Taxonomy",NA,NA,1,NA
"Prosobonia leucoptera (Gmelin, 1789)","GBIF Backbone Taxonomy",NA,NA,1,NA
"Gobius bitelatus Valenciennes, 1837","GBIF Backbone Taxonomy",1,1,NA,1
"Semolina leucotricha Clarke, 1971","Catalogue of Life Checklist",0,0,1,0
"Asymphorodes chalcopterus Clarke, 1986","GBIF Backbone Taxonomy",0,0,1,0
"Asymphorodes nebrias Clarke, 1986","Catalogue of Life Checklist",0,0,1,0
"Pityocona attenuata Clarke, 1986","Catalogue of Life Checklist",0,0,1,0
"Ctenarytaina distincta (Tuthill, 1943)","Catalogue of Life Checklist",0,0,1,0
"Asymphorodes spodogramma Clarke, 1986","GBIF Backbone Taxonomy",0,0,1,0
"Austromegalomus insulanus Oswald, 1988","Catalogue of Life Checklist",0,0,1,0
"Iressa microsema Clarke, 1986","GBIF Backbone Taxonomy",0,0,1,0
"Lathroteles obscura Clarke, 1971","Catalogue of Life Checklist",0,0,1,0
"Asymphorodes remigiata Clarke, 1986","Catalogue of Life Checklist",0,0,1,0
"Cyrtophora cylindroides (Walckenaer, 1841)","Catalogue of Life Checklist",0,0,1,0
"Tetragnatha rimitarae Strand, 1911","Catalogue of Life Checklist",0,0,1,0
"Creugas gulosus Thorell, 1878","Catalogue of Life Checklist",0,0,1,0
"Zenodorus pusillus (Strand, 1913)","Catalogue of Life Checklist",0,0,1,0
"Neotrichiorhyssemus hirsutus (ClouÃ«t, 1901)","Catalogue of Life Checklist",0,0,1,0
"Hesperobaenus capito (Fairmaire, 1850)","Integrated Taxonomic Information SystemITIS",0,0,1,0
"Partula raiatensis Garrett, 1884","GBIF Backbone Taxonomy",0,0,1,0
"Lamprophaea poupini Salazar-Vallejo, 2020","GBIF Backbone Taxonomy",0,0,0,0
"Opeas pyrgula Schmacker & O.Boettger, 1891","GBIF Backbone Taxonomy",NA,NA,1,NA
"Cypraea pellucens Melvill, 1888","GBIF Backbone Taxonomy",1,0,0,0
"Buliminus graecus (H.Beck, 1837)","GBIF Backbone Taxonomy",0,0,1,0
"Lamprophaea cornuta Salazar-Vallejo, 2020","GBIF Backbone Taxonomy",1,0,0,0
"Neritina parallela (Roeding, 1798)","GBIF Backbone Taxonomy",NA,1,NA,NA
"Eunice gracilis Grube, 1866","Catalogue of Life Checklist",1,0,0,0
"Conus auricomus Hwass, 1792","Catalogue of Life Checklist",1,0,0,0
"Nebularia chrysalis (Reeve, 1844)","GBIF Backbone Taxonomy",1,0,0,0
"Linnaeoxanthus acanthomerus (Rathbun, 1911)","The Interim Register of Marine and Nonmarine Genera",1,0,0,0
"Alpheus edwardsii (Andouin, 1826)","Catalogue of Life Checklist",1,0,0,0
"Platydema subfascia (Walker, 1858)","Integrated Taxonomic Information SystemITIS",0,0,1,0
"Anigraea ochrobasis Hampson, 1912","Catalogue of Life Checklist",0,0,1,0
"Pitta granatina Temminck, 1830","Catalogue of Life Checklist",0,NA,1,NA
"Propalticus oculatus Sharp, 1879","Integrated Taxonomic Information SystemITIS",0,0,1,0
"Ischnura jeanyvesmeyeri Englund & Polhemus, 2010","Catalogue of Life Checklist",NA,1,1,NA
"Filicicoris tatarnici Namyatova & Cassis, 2016","GBIF Backbone Taxonomy",0,0,1,0
"Ischnura rurutana Englund & Polhemus, 2010","Catalogue of Life Checklist",NA,1,1,NA
"Ramphocelus bresilius (Linnaeus, 1766)","Catalogue of Life Checklist",NA,NA,1,NA
"Austrosciapus connexus (Walker, 1835)","Catalogue of Life Checklist",0,0,1,0
"Amegilla pulchra (Smith, 1854)","Catalogue of Life Checklist",0,0,1,0
"Germalus montandoni Bergroth, 1916","Catalogue of Life Checklist",0,0,1,0
"Lacon modestus (Boisduval, 1835)","Integrated Taxonomic Information SystemITIS",0,0,1,0
"Stelidota geminata (Say, 1825)","Integrated Taxonomic Information SystemITIS",0,0,1,0
"Zizina otis (Fabricius, 1787)","Catalogue of Life Checklist",0,0,1,0
"Thyas coronata (Fabricius, 1775)","Catalogue of Life Checklist",0,0,1,0
"Cassida compuncta (Boheman, 1855)","Integrated Taxonomic Information SystemITIS",0,0,1,0
"Chrysis angolensis Radoszkowski, 1881","The Interim Register of Marine and Nonmarine Genera",0,0,1,0
"Xylosandrus compactus Wood & Bright, 1992","Catalogue of Life Checklist",0,0,1,0
"Columbella micans Pease, 1883","World Register of Marine Species",1,0,0,NA
"Succinea rubella Pease, 1871","Catalogue of Life Checklist",0,0,1,0
"Cirrhites gibbosus Guichenot, 1869","GBIF Backbone Taxonomy",1,NA,NA,NA
"Geopelia cuneata (Latham, 1801)","Catalogue of Life Checklist",0,0,1,0
"Assara decipula Clarke, 1986","Catalogue of Life Checklist",0,0,1,0
"Eudonia dupla Clarke, 1986","Catalogue of Life Checklist",0,0,1,0
"Asymphorodes lucerna Clarke, 1986","GBIF Backbone Taxonomy",0,0,1,0
"Asymphorodes phaeodelta Clarke, 1986","GBIF Backbone Taxonomy",0,0,1,0
"Herlinda iota Clarke, 1986","GBIF Backbone Taxonomy",0,0,1,0
"Erechthias cirrhogramma Clarke, 1971","Catalogue of Life Checklist",0,0,1,0
"Asymphorodes semiluteus Clarke, 1986","GBIF Backbone Taxonomy",0,0,1,0
"Idioblasta transversata Clarke, 1986","Catalogue of Life Checklist",0,0,1,0
"Hemidactylus frenatus Schlegel, 1836","Integrated Taxonomic Information SystemITIS",0,0,1,0
"Sertularia tongensis Stechow, 1919","Catalogue of Life Checklist",1,0,0,0
"Semivertagus interstriatus (Sowerby, 1842)","GBIF Backbone Taxonomy",1,NA,NA,NA
"Helicina picta FÃ©russac, 1821","World Register of Marine Species",0,0,1,0
"Melania societatis Brot, 1877","World Register of Marine Species",0,1,0,0
"Basterotia angulata (H.Adams, 1871)","GBIF Backbone Taxonomy",1,0,0,0
"Glycymeris reevei (Mayer, 1868)","Catalogue of Life Checklist",1,0,0,0
"Rissoina pulchella Brazier, 1877","Catalogue of Life Checklist",1,NA,NA,NA
"Lima vulgaris (Link, 1807)","Catalogue of Life Checklist",1,0,0,0
"Mitrella fusiformis D'Orbigny, 1842","Integrated Taxonomic Information SystemITIS",1,NA,NA,NA
"Odostomia substitua Dautzenberg & Bouge, 1933","GBIF Backbone Taxonomy",1,0,0,0
"Phos varicosus Gould, 1849","Catalogue of Life Checklist",1,0,0,0
"Epitonium auritum (G.B.Sowerby II, 1844)","GBIF Backbone Taxonomy",1,NA,NA,NA
"Proterato schneideri (Schilder, 1933)","The Interim Register of Marine and Nonmarine Genera",1,0,0,0
"Kellia delmasi Lamy, 1927","GBIF Backbone Taxonomy",1,0,0,0
"Miralda gemma (A.Adams, 1861)","GBIF Backbone Taxonomy",1,0,0,0
"Anisodonta ustulata (Reeve, 1844)","GBIF Backbone Taxonomy",1,0,0,0
"Doris cinerosa Pease, 1871","GBIF Backbone Taxonomy",1,0,0,0
"Rissoina evanida G.Nevill & H.Nevill, 1874","GBIF Backbone Taxonomy",1,0,0,0
"Mipus nodosus (A.Adams, 1854)","GBIF Backbone Taxonomy",1,0,0,0
"Trochus maculatus Linnaeus, 1758","Catalogue of Life Checklist",1,0,0,0
"Obesula lucidus (Hervier, 1897)","GBIF Backbone Taxonomy",1,0,0,0
"Cheilea pileopsis (Quoy & Gaimard, 1835)","GBIF Backbone Taxonomy",1,0,0,0
"Euthymella goubini (Hervier, 1897)","GBIF Backbone Taxonomy",1,0,0,0
"Kermia albibalteata (Reeve, 1843)","GBIF Backbone Taxonomy",1,0,0,0
"Clivipollia albocincta (Pease, 1860)","GBIF Backbone Taxonomy",1,0,0,0
"Caecum bimarginatum Carpenter, 1859","The Interim Register of Marine and Nonmarine Genera",1,0,0,0
"Pyramidelloides delicatula (Laseron, 1956)","GBIF Backbone Taxonomy",1,0,0,0
"Dolabella teremini (Rang, 1828)","GBIF Backbone Taxonomy",1,0,0,0
"Cardita muricata G.B.Sowerby I, 1833","GBIF Backbone Taxonomy",1,0,0,0
"Lienardia emmae (Melvill & Standen, 1895)","GBIF Backbone Taxonomy",1,0,0,0
"Atys ooformis Habe, 1964","GBIF Backbone Taxonomy",1,0,0,0
"Latitriphora carteretensis (Hinds, 1843)","GBIF Backbone Taxonomy",1,0,0,0
"Teinostoma impleta (Laseron, 1958)","The Interim Register of Marine and Nonmarine Genera",1,0,0,0
"Doris villosa Pease, 1871","World Register of Marine Species",1,0,0,0
"Lobiger viridis Pease, 1863","Catalogue of Life Checklist",1,0,0,0
"Mastoniaeforis poecila (Hervier, 1897)","GBIF Backbone Taxonomy",1,0,0,0
"Vanikoro fenestrata W.H.Turton, 1932","GBIF Backbone Taxonomy",1,0,0,0
"Conus tenuigranulata Dautzenberg, 1937","GBIF Backbone Taxonomy",1,NA,NA,NA
"Novius pumilus (Weise, 1892)","GBIF Backbone Taxonomy",0,0,1,0
"Coccotrypes cyperi Wood & Bright, 1992","Catalogue of Life Checklist",0,0,1,0
"Naupactus cervinus Boheman, 1840","Catalogue of Life Checklist",0,0,1,0
"Lallemandana interrupta (Lallemand, 1928)","GBIF Backbone Taxonomy",0,0,1,0
"Ichneumon veo (Cheesman, 1928)","Catalogue of Life Checklist",0,0,1,0
"Mochtherus tetraspilotus (W.S.MacLeay, 1825)","Catalogue of Life Checklist",0,0,1,0
"Simulium littopyga Craig & Evenhuis, 2017","Catalogue of Life Checklist",0,1,1,0
"Pseudolibera matthieui Sartori, Gargominy & Fontaine, 2014","GBIF Backbone Taxonomy",0,0,1,0
"Mautodontha passosi Sartori, Gargominy & Fontaine, 2014","GBIF Backbone Taxonomy",0,0,1,0
"Mautodontha domaneschii Sartori, Gargominy & Fontaine, 2014","GBIF Backbone Taxonomy",0,0,1,0
"Pseudolibera elieporoii Sartori, Gargominy & Fontaine, 2014","GBIF Backbone Taxonomy",0,0,1,0
"Pseudolibera parva Sartori, Gargominy & Fontaine, 2014","GBIF Backbone Taxonomy",0,0,1,0
"Pseudolibera paraminderae Sartori, Gargominy & Fontaine, 2014","GBIF Backbone Taxonomy",0,0,1,0
"Pseudolibera solemi Sartori, Gargominy & Fontaine, 2014","GBIF Backbone Taxonomy",0,0,1,0
"Mautodontha spelunca Sartori, Gargominy & Fontaine, 2014","GBIF Backbone Taxonomy",0,0,1,0
"Mautodontha aurora Sartori, Gargominy & Fontaine, 2014","GBIF Backbone Taxonomy",0,0,1,0
"Mautodontha occidentalis Sartori, Gargominy & Fontaine, 2014","GBIF Backbone Taxonomy",0,0,1,0
"Pseudolibera extincta Sartori, Gargominy & Fontaine, 2014","GBIF Backbone Taxonomy",0,0,1,0
"Kleokyphus cowiei Sartori, Gargominy & Fontaine, 2014","GBIF Backbone Taxonomy",0,0,1,0
"Mautodontha temaoensis Sartori, Gargominy & Fontaine, 2014","GBIF Backbone Taxonomy",0,0,1,0
"Pseudolibera cookei Sartori, Gargominy & Fontaine, 2014","GBIF Backbone Taxonomy",0,0,1,0
"Mautodontha harperae Sartori, Gargominy & Fontaine, 2014","GBIF Backbone Taxonomy",0,0,1,0
"Mautodontha makateaensis Sartori, Gargominy & Fontaine, 2014","GBIF Backbone Taxonomy",0,0,1,0
"Asymphorodes honoria Clarke, 1986","GBIF Backbone Taxonomy",0,0,1,0
"Dichelopa lupicinia Clarke, 1971","Catalogue of Life Checklist",0,0,1,0
"Argina astrea (Drury, 1773)","Catalogue of Life Checklist",0,0,1,0
"Chalybion bengalense (Dahlbom, 1845)","Catalogue of Life Checklist",0,0,1,0
"Assara halmophila Meyrick, 1929","Catalogue of Life Checklist",0,0,1,0
"Oliva guttata Fischer von Waldheim, 1808","Catalogue of Life Checklist",1,0,0,0
"Homoneura nubila Malloch, 1929","Union 4",0,0,1,0
"Erechthias phaeoptera (Clarke, 1971)","Catalogue of Life Checklist",0,0,1,0
"Eudonia ara Clarke, 1986","Catalogue of Life Checklist",0,0,1,0
"Asymphorodes adynatus Clarke, 1986","GBIF Backbone Taxonomy",0,0,1,0
"Tessema sensilis Clarke, 1986","Catalogue of Life Checklist",0,0,1,0
"Psara orphnopeza Clarke, 1986","Catalogue of Life Checklist",0,0,1,0
"Dichelopa anthracodelta Clarke, 1971","Catalogue of Life Checklist",0,0,1,0
"Coris variegata (RÃ¼ppell, 1835)","Catalogue of Life Checklist",1,0,0,0
"Elasmolomus v-album (Stal, 1859)","Catalogue of Life Checklist",NA,NA,1,NA
"Dasyrhicnoessa insularis (Aldrich, 1931)","Catalogue of Life Checklist",1,NA,1,NA
"Cryptops tahitianus Chamberlin, 1920","Integrated Taxonomic Information SystemITIS",NA,NA,1,NA
"Monacanthus hystrix Gray, 1835","GBIF Backbone Taxonomy",1,NA,NA,NA
"Oligonychus coffeae (Nietner, 1861)","Catalogue of Life Checklist",0,0,1,0
"Tetranychus neocaledonicus AndrÃ©, 1933","Catalogue of Life Checklist",0,0,1,0
"Oligonychus gramineus (McGregor, 1950)","Catalogue of Life Checklist",0,0,1,0
"Oligonychus sacchari (McGregor, 1942)","Catalogue of Life Checklist",0,0,1,0
"Eutetranychus africanus (Tucker, 1926)","Catalogue of Life Checklist",0,0,1,0
"Oligonychus thelytokus Gutierrez, 1977","Catalogue of Life Checklist",0,0,1,0
"Tetranychus yusti McGregor, 1955","Catalogue of Life Checklist",0,0,1,0
"Tetranychus ludeni Zacher, 1913","Catalogue of Life Checklist",0,0,1,0
"Tetranychus lambi Pritchard & Baker, 1955","Catalogue of Life Checklist",0,0,1,0
"Tetranychus gloveri Banks, 1900","Catalogue of Life Checklist",0,0,1,0
"Aedes albopictus (Skuse, 1894)","GBIF Backbone Taxonomy",NA,1,1,NA
"Aceria hibisci (Nalepa, 1906)","The Interim Register of Marine and Nonmarine Genera",0,0,1,0
"Crassispira zebra","Integrated Taxonomic Information SystemITIS",1,NA,NA,NA
"Conus cinereus Hwass, 1792","Catalogue of Life Checklist",1,0,0,0
"Partula remota Crampton, 1956","GBIF Backbone Taxonomy",0,0,1,0
"Terebra cancellata Gray, 1834","Catalogue of Life Checklist",1,NA,NA,NA
"Semele obscura Deshayes, 1863","GBIF Backbone Taxonomy",1,NA,NA,NA
"Scintilla rosea Deshayes, 1856","Catalogue of Life Checklist",1,NA,NA,NA
"Pinna semicostata Philippi, 1887","World Register of Marine Species",1,NA,NA,NA
"Helicina despecta Ancey, 1887","GBIF Backbone Taxonomy",NA,NA,1,NA
"Chromodoris reticulata (Pease, 1860)","World Register of Marine Species",1,NA,NA,NA
"Arcopagia robusta Hanley, 1844","GBIF Backbone Taxonomy",1,NA,NA,NA
"Terebra sulcata Pease, 1869","World Register of Marine Species",1,NA,NA,NA
"Stemorrhages amphitritalis (GuenÃ©e, 1854)","Catalogue of Life Checklist",NA,NA,NA,NA
"Paranamixis fijiensis Thomas, 1997","Catalogue of Life Checklist",1,NA,NA,NA
"Aphis craccivora Koch, 1854","Catalogue of Life Checklist",NA,NA,1,NA
"Tetramorium bicarinatum (Nylander, 1846)","Catalogue of Life Checklist",NA,NA,1,NA
"Monopis crocicapitella (Clemens, 1859)","Catalogue of Life Checklist",NA,NA,1,NA
"Gymnoscelis concinna Swinhoe, 1902","Catalogue of Life Checklist",NA,NA,1,NA
"Exelastis pumilio (Zeller, 1873)","Catalogue of Life Checklist",NA,NA,1,NA
"Lamarcka avellana (Lamarck, 1819)","Catalogue of Life Checklist",1,NA,NA,NA
"Pascahinnites coruscans (Hinds, 1845)","Catalogue of Life Checklist",1,NA,NA,NA
"Metioche vittaticollis (StÃ¥l, 1861)","Catalogue of Life Checklist",NA,NA,1,NA
"Dryadaula terpsichorella (Busck, 1910)","Catalogue of Life Checklist",NA,NA,1,NA
"Dictis striatipes L.Koch, 1872","GBIF Backbone Taxonomy",NA,NA,1,NA
"Hypena longfieldae Collenette, 1929","Catalogue of Life Checklist",NA,NA,1,NA
"Dasyhelea ludingensis Zhang & Yu, 1996","Catalogue of Life Checklist",NA,NA,1,NA
"Pilosabia trigona (Gmelin, 1791)","Catalogue of Life Checklist",1,NA,NA,NA
"Sitophilus granarius (C.Linnaeus, 1758)","GBIF Backbone Taxonomy",NA,NA,1,NA
"Hemiptarsenus varicornis (Girault, 1913)","Catalogue of Life Checklist",NA,NA,1,NA
"Eupelmus australiensis (Girault, 1913)","Catalogue of Life Checklist",NA,NA,1,NA
"Catalectis pharetropa Meyrick, 1920","Catalogue of Life Checklist",NA,NA,1,NA
"Drupa ricinus (Linnaeus, 1758)","Catalogue of Life Checklist",1,NA,NA,NA
"Hyblaea puera (Cramer, 1777)","Catalogue of Life Checklist",NA,NA,1,NA
"Hasarius adansoni (Audouin, 1826)","Catalogue of Life Checklist",NA,NA,1,NA
"Conus textile Linnaeus, 1758","Catalogue of Life Checklist",1,NA,NA,NA
"Opogona aurisquamosa (Butler, 1881)","Catalogue of Life Checklist",1,NA,NA,NA
"Chaetodon lunulatus Quoy & Gaimard, 1825","Catalogue of Life Checklist",NA,NA,1,NA
"Cosmopterix melanarches (Meyrick, 1929)","Catalogue of Life Checklist",NA,NA,1,NA
"Euplexia vetula Clarke, 1971","Catalogue of Life Checklist",NA,NA,1,NA
"Scolopendra subspinipes Leach, 1815","Catalogue of Life Checklist",NA,NA,1,NA
"Monetaria caputserpentis (Linnaeus, 1758)","Catalogue of Life Checklist",1,NA,NA,NA
"Fragum fragum (Linnaeus, 1758)","Catalogue of Life Checklist",1,NA,NA,NA
"Apis mellifera Linnaeus, 1758","Catalogue of Life Checklist",NA,NA,1,NA
"Thaumatotibia chaomorpha (Meyrick, 1929)","Catalogue of Life Checklist",NA,NA,1,NA
"Endotricha mesenterialis (Walker, 1859)","Catalogue of Life Checklist",NA,NA,1,NA
"Phereoeca allutella (Rebel, 1892)","Catalogue of Life Checklist",NA,NA,1,NA
"Dichelopa peropaca Meyrick, 1929","Catalogue of Life Checklist",NA,NA,1,NA
"Gloripallium pallium (Linnaeus, 1758)","Catalogue of Life Checklist",1,NA,NA,NA
"Erechthias minuscula (Walsingham, 1897)","Catalogue of Life Checklist",NA,NA,1,NA
"Mauritia maculifera Schilder, 1932","The Interim Register of Marine and Nonmarine Genera",1,NA,NA,NA
"Erechthias zebrina (Butler, 1881)","Catalogue of Life Checklist",NA,NA,1,NA
"Simplicia cornicalis (Fabricius, 1794)","Catalogue of Life Checklist",NA,NA,1,NA
"Conus lividus Hwass, 1792","Catalogue of Life Checklist",1,NA,NA,NA
"Setomorpha rutella Zeller, 1852","Catalogue of Life Checklist",NA,NA,1,NA
"Imbricariopsis punctata (Swainson, 1821)","Catalogue of Life Checklist",1,NA,NA,NA
"Crocidosema plebejana Zeller, 1847","Catalogue of Life Checklist",NA,NA,1,NA
"Trissodoris thelmae Clarke, 1971","GBIF Backbone Taxonomy",NA,NA,1,NA
"Caloptilia hilaropis (Meyrick, 1926)","Catalogue of Life Checklist",NA,NA,1,NA
"Dudua eumenica (Meyrick, 1929)","Catalogue of Life Checklist",NA,NA,1,NA
"Coralliophila violacea (Kiener, 1836)","Catalogue of Life Checklist",1,NA,NA,NA
"Trissodoris honorariella (Walsingham, 1907)","Catalogue of Life Checklist",NA,NA,1,NA
"Ceratobia oxymora (Meyrick, 1919)","Catalogue of Life Checklist",NA,NA,1,NA
"Gnathophyllum americanum GuÃ©rin-MÃ©neville, 1855","Catalogue of Life Checklist",1,NA,NA,NA
"Choreutis chalcotoxa (Meyrick, 1886)","GBIF Backbone Taxonomy",NA,NA,1,NA
"Hydriris ornatalis (Duponchel, 1832)","Catalogue of Life Checklist",NA,NA,1,NA
"Pyroderces lunulifera Meyrick, 1934","Catalogue of Life Checklist",NA,NA,1,NA
"Naria helvola (Linnaeus, 1758)","Catalogue of Life Checklist",1,NA,NA,NA
"Hydrillodes melanozona Collenette, 1929","Catalogue of Life Checklist",NA,NA,1,NA
"Ctenocephalides felis (Bouche, 1835)","Catalogue of Life Checklist",NA,NA,1,NA
"Mitra mitra (Linnaeus, 1758)","Catalogue of Life Checklist",1,NA,NA,NA
"Asymphorodes coesyrias Meyrick, 1929","Catalogue of Life Checklist",NA,NA,1,NA
"Xyleborus perforans Wood & Bright, 1992","Catalogue of Life Checklist",NA,NA,1,NA
"Meteorus pulchricornis (Wesmael, 1835)","Catalogue of Life Checklist",NA,NA,1,NA
"Cryptamorpha desjardinsi (GuÃ©rin-MÃ©neville, 1844)","Integrated Taxonomic Information SystemITIS",NA,NA,1,NA
"Crypsithyrodes concolorella (Walker, 1863)","Catalogue of Life Checklist",NA,NA,1,NA
"Alucita xanthozona (Diakonoff, 1954)","Catalogue of Life Checklist",NA,NA,1,NA
"Conus imperialis Linnaeus, 1758","Catalogue of Life Checklist",1,NA,NA,NA
"Hemicordulia oceanica Selys, 1871","Catalogue of Life Checklist",NA,1,1,NA
"Lamarcka ventricosa (Lamarck, 1818)","Catalogue of Life Checklist",1,NA,NA,NA
"Comodica coarctata (Clarke, 1971)","Catalogue of Life Checklist",NA,NA,1,NA
"Nassarius papillosus (Linnaeus, 1758)","Catalogue of Life Checklist",1,NA,NA,NA
"Isognomon perna (Linnaeus, 1767)","Catalogue of Life Checklist",1,NA,NA,NA
"Paractaea rufopunctata (H.Milne Edwards, 1834)","GBIF Backbone Taxonomy",1,NA,NA,NA
"Erechthias psammaula (Meyrick, 1921)","Catalogue of Life Checklist",NA,NA,1,NA
"Microzestis inelegans Meyrick, 1929","Catalogue of Life Checklist",NA,NA,1,NA
"Nebularia acuminata (Swainson, 1824)","Catalogue of Life Checklist",1,NA,NA,NA
"Cosmopterix aphranassa (Meyrick, 1926)","Catalogue of Life Checklist",NA,NA,1,NA
"Strepsicrates ejectana (Walker, 1863)","Catalogue of Life Checklist",NA,NA,1,NA
"Euplica varians (G.B.Sowerby I, 1832)","GBIF Backbone Taxonomy",1,NA,NA,NA
"Echinoscelis hemithia Meyrick, 1886","Catalogue of Life Checklist",NA,NA,1,NA
"Hapalocarcinus marsupialis Stimpson, 1859","Catalogue of Life Checklist",1,NA,NA,NA
"Opogona regressa Meyrick, 1916","Catalogue of Life Checklist",NA,NA,1,NA
"Tritonoturris cumingii (Powys, 1835)","Catalogue of Life Checklist",1,NA,NA,NA
"Luria isabella (Linnaeus, 1758)","Catalogue of Life Checklist",1,NA,NA,NA
"Labdia leucoxantha Meyrick, 1927","Catalogue of Life Checklist",NA,NA,1,NA
"Erechthias penicillata (Swezey, 1909)","Catalogue of Life Checklist",NA,NA,1,NA
"Erechthias sphenacma (Meyrick, 1926)","Catalogue of Life Checklist",NA,NA,1,NA
"Pantala flavescens Fabricius, 1798","World Register of Marine Species",NA,1,1,NA
"Halichoeres margaritaceus (Valenciennes, 1839)","Catalogue of Life Checklist",1,NA,NA,NA
"Oxymeris crenulata (Linnaeus, 1758)","Catalogue of Life Checklist",1,NA,NA,NA
"Eftichia chrysoleuca Clarke, 1986","GBIF Backbone Taxonomy",NA,NA,1,NA
"Cryptophlebia pallifimbriana Bradley, 1953","Catalogue of Life Checklist",NA,NA,1,NA
"Herpetogramma phthorosticta Meyrick, 1929","Catalogue of Life Checklist",NA,NA,1,NA
"Astralium confragosum (Gould, 1849)","Catalogue of Life Checklist",1,NA,NA,NA
"Chelonus blackburni Cameron, 1886","Catalogue of Life Checklist",NA,NA,1,NA
"Maculotriton serriale (Deshayes, 1833)","Catalogue of Life Checklist",1,NA,NA,NA
"Dascyllus flavicaudus Randall & Allen, 1977","Catalogue of Life Checklist",1,NA,NA,NA
"Sargocentron microstoma (GÃ¼nther, 1859)","Catalogue of Life Checklist",1,NA,NA,NA
"Myurella affinis (Gray, 1834)","Catalogue of Life Checklist",1,NA,NA,NA
"Neoxychirota isolata Clarke, 1986","Catalogue of Life Checklist",NA,NA,1,NA
"Monetaria obvelata (Lamarck, 1810)","Catalogue of Life Checklist",1,NA,NA,NA
"Conus flavidus Lamarck, 1810","Catalogue of Life Checklist",1,NA,NA,NA
"Erechthias flavistriata (Walsingham, 1907)","Catalogue of Life Checklist",NA,NA,1,NA
"Palmyria palmyrensis (Rathbun, 1923)","The Interim Register of Marine and Nonmarine Genera",1,NA,NA,NA
"Littoraria coccinea (Gmelin, 1791)","Catalogue of Life Checklist",1,NA,NA,NA
"Pinctada maculata (A.Gould, 1850)","GBIF Backbone Taxonomy",1,NA,NA,NA
"Alpheus pacificus Dana, 1852","Catalogue of Life Checklist",1,NA,NA,NA
"Psychoda alternata Say, 1824","Catalogue of Life Checklist",NA,NA,1,NA
"Strigatella assimilis (Pease, 1868)","Catalogue of Life Checklist",1,NA,NA,NA
"Labdia ceriocosma Meyrick, 1934","Catalogue of Life Checklist",NA,NA,1,NA
"Athamas tahitensis Jendrzejewska, 1995","Catalogue of Life Checklist",NA,NA,1,NA
"Actaeodes hirsutissimus (RÃ¼ppell, 1830)","Catalogue of Life Checklist",1,NA,NA,NA
"Stathmopoda perfuga (Meyrick, 1926)","Catalogue of Life Checklist",NA,NA,1,NA
"Terebra subulata (Linnaeus, 1767)","Catalogue of Life Checklist",1,NA,NA,NA
"Anomis flava (Fabricius, 1775)","Catalogue of Life Checklist",NA,NA,1,NA
"Trapezia bidentata (ForskÃ¥l, 1775)","Catalogue of Life Checklist",1,NA,NA,NA
"Coralliophila fimbriata (A.Adams, 1853)","GBIF Backbone Taxonomy",1,NA,NA,NA
"Sabia conica (Schumacher, 1817)","Catalogue of Life Checklist",1,NA,NA,NA
"Saron marmoratus (Olivier, 1811)","Catalogue of Life Checklist",1,NA,NA,NA
"Rhinoclavis sinensis (Gmelin, 1791)","Catalogue of Life Checklist",1,NA,NA,NA
"Ceraesignum maximum (G.B.Sowerby I, 1825)","GBIF Backbone Taxonomy",1,NA,NA,NA
"Eumenes mediterraneus Kriechbaumer, 1879","Catalogue of Life Checklist",NA,NA,1,NA
"Purpuradusta fimbriata (Gmelin, 1791)","Catalogue of Life Checklist",1,NA,NA,NA
"Trapezia guttata RÃ¼ppell, 1830","Catalogue of Life Checklist",1,NA,NA,NA
"Marasmia trapezalis (GuenÃ©e, 1854)","GBIF Backbone Taxonomy",NA,NA,1,NA
"Dichelopa ceramocausta Meyrick, 1926","Catalogue of Life Checklist",NA,NA,1,NA
"Asymphorodes polluta Meyrick, 1929","Catalogue of Life Checklist",NA,NA,1,NA
"Pyroderces similis Bradley, 1953","Catalogue of Life Checklist",NA,NA,1,NA
"Rochia nilotica (Linnaeus, 1767)","Catalogue of Life Checklist",1,NA,NA,NA
"Solenopsis papuana Emery, 1900","Catalogue of Life Checklist",NA,NA,1,NA
"Pyroderces megacentra Meyrick, 1923","Catalogue of Life Checklist",NA,NA,1,NA
"Neocancilla papilio (Link, 1807)","Catalogue of Life Checklist",1,NA,NA,NA
"Stichopus horrens Selenka, 1867","Catalogue of Life Checklist",1,NA,NA,NA
"Pedum spondyloideum (Gmelin, 1791)","Catalogue of Life Checklist",1,NA,NA,NA
"Conus coronatus Gmelin, 1791","Catalogue of Life Checklist",1,NA,NA,NA
"Ascalenia armigera Meyrick, 1923","Catalogue of Life Checklist",1,NA,1,NA
"Alpheus strenuus Dana, 1852","Catalogue of Life Checklist",1,NA,NA,NA
"Phthorimaea operculella (Zeller, 1873)","Catalogue of Life Checklist",NA,NA,1,NA
"Menaethius monoceros (Latreille, 1825)","Catalogue of Life Checklist",1,NA,NA,NA
"Cadra cautella (Walker, 1863)","Catalogue of Life Checklist",NA,NA,1,NA
"Caranx sexfasciatus Quoy & Gaimard, 1825","Catalogue of Life Checklist",1,1,NA,NA
"Epinephelus hexagonatus (Forster, 1801)","Catalogue of Life Checklist",1,NA,NA,NA
"Metalpheus rostratipes (Pocock, 1890)","Catalogue of Life Checklist",1,NA,NA,NA
"Myripristis violacea Bleeker, 1851","Catalogue of Life Checklist",1,NA,NA,NA
"Dichelopa exulcerata Meyrick, 1926","Catalogue of Life Checklist",NA,NA,1,NA
"Conus ebraeus Linnaeus, 1758","Catalogue of Life Checklist",1,NA,NA,NA
"Chaetodon trichrous GÃ¼nther, 1874","Catalogue of Life Checklist",1,NA,NA,NA
"Chromis viridis (Cuvier, 1830)","Catalogue of Life Checklist",1,NA,NA,NA
"Tetragnatha rava Gillespie, 2003","Catalogue of Life Checklist",NA,NA,1,NA
"Lucilia cuprina (Wiedemann, 1830)","Catalogue of Life Checklist",NA,NA,1,NA
"Chaetocnema confinis Crotch, 1873","Integrated Taxonomic Information SystemITIS",NA,NA,1,NA
"Labdia dicyanitis Meyrick, 1934","Catalogue of Life Checklist",NA,NA,1,NA
"Sapintus oceanicus (La FertÃ©-SÃ©nectÃ¨re, 1849)","GBIF Backbone Taxonomy",NA,NA,1,NA
"Xystrocera globosa (Olivier, 1795)","Catalogue of Life Checklist",NA,NA,1,NA
"Globosolembos ovatus (Myers, 1985)","Catalogue of Life Checklist",1,NA,NA,NA
"Bactrocera xanthodes (Broun, 1904)","Integrated Taxonomic Information SystemITIS",NA,NA,1,NA
"Erechthias pelotricha (Meyrick, 1926)","Catalogue of Life Checklist",NA,NA,1,NA
"Prays ignota Clarke, 1986","GBIF Backbone Taxonomy",NA,NA,1,NA
"Cyclodius ungulatus (H.Milne Edwards, 1834)","GBIF Backbone Taxonomy",1,NA,NA,NA
"Vanessa itea (Fabricius, 1775)","Catalogue of Life Checklist",NA,NA,1,NA
"Aethaloessa calidalis (GuenÃ©e, 1854)","Catalogue of Life Checklist",NA,NA,1,NA
"Turbo petholatus Linnaeus, 1758","Catalogue of Life Checklist",1,NA,NA,NA
"Terebra guttata (RÃ¶ding, 1798)","Catalogue of Life Checklist",1,NA,NA,NA
"Trichophaga mormopis Meyrick, 1935","Catalogue of Life Checklist",NA,NA,1,NA
"Cirrhitus pinnulatus (Forster, 1801)","Catalogue of Life Checklist",1,NA,NA,NA
"Herpetogramma jasiusalis","GBIF Backbone Taxonomy",NA,NA,1,NA
"Morula uva (RÃ¶ding, 1798)","Catalogue of Life Checklist",1,NA,NA,NA
"Upeneoides vittatus","World Register of Marine Species",1,NA,NA,NA
"Canis lupus familiaris Linnaeus, 1758",NA,NA,NA,1,NA
"Shinobium trapezoideum (H.Milne Edwards, 1837)",NA,NA,NA,1,NA
"Lobodillo hebridarum (Verhoeff, 1926)",NA,NA,NA,1,NA
"Spauligodon gehyrae Bursey & Goldberg, 1996",NA,NA,NA,1,NA
"Stemorrhages amphitritalis (Guenée, 1854)",NA,NA,NA,1,NA
"Partula suturalis L.Pfeiffer, 1855",NA,NA,NA,1,NA
"Partula otaheitana (Bruguière, 1792)",NA,NA,NA,1,NA
"Pleuropoma articulata (L.Pfeiffer, 1854)",NA,NA,NA,1,NA
"Ptilinopus dupetithouarsii dupetithouarsii",NA,NA,NA,1,NA
"Alcadia citrinolabris (C.B.Adams, 1849)",NA,NA,NA,1,NA
"Septaria lineata (Lamarck, 1816)",NA,NA,1,NA,NA
"Succinea scalarina L.Pfeiffer, 1861",NA,NA,NA,1,NA
"Partula grisea Lesson, 1831",NA,NA,NA,1,NA
"Partula dentifera L.Pfeiffer, 1853",NA,NA,NA,1,NA
"Maoristylus bivaricosus (Gaskoin, 1855)",NA,NA,NA,1,NA
"Lissodendoryx inaequalis (Baer, 1906)",NA,1,NA,NA,NA
"Apionsoma misakianum (Ikeda, 1904)",NA,1,NA,NA,NA
"Notocochlis gualtieriana (Récluz, 1844)",NA,NA,NA,1,NA
"Polydesma boarmoides (Guenée, 1852)",NA,NA,NA,1,NA
"Partula dentifera dentifera",NA,NA,NA,1,NA
"Platynerita rufa Kano & Kase, 2003",NA,1,NA,NA,NA
"Partula lugubris Pease, 1865",NA,NA,NA,1,NA
"Dendrodoris tuberculata",NA,1,NA,NA,NA
"Lophopagurus minimus Komai & Rahayu, 2013",NA,NA,NA,1,NA
"Partula otaheitana otaheitana",NA,NA,NA,1,NA
"Apionsoma pectinatum (Keferstein, 1867)",NA,1,NA,NA,NA
"Partula navigatoria (L.Pfeiffer, 1849)",NA,NA,NA,1,NA
"Partula suturalis vexillum Pease, 1866",NA,NA,NA,1,NA
"Vexillum unifascialis Lamarck, 1811",NA,1,NA,NA,NA
"Partula otaheitana rufescens Reeve, 1850",NA,NA,NA,1,NA
"Partula suturalis suturalis",NA,NA,NA,1,NA
"Partula navigatoria navigatoria",NA,NA,NA,1,NA
"Pupisoma dioscoricola (C.B.Adams, 1845)",NA,NA,NA,1,NA
"Pediculus humanus Linnaeus, 1758",NA,NA,NA,1,NA
"Agrotis ipsilon (Hufnagel, 1766)",NA,NA,NA,1,NA
"Eulimnadia garretti (Richters, 1882)",NA,NA,1,NA,NA
"Cardiocondyla emeryi Forel, 1881",NA,NA,NA,1,NA
"Parhippolyte mistica (J.Clark, 1989)",NA,1,NA,NA,NA
"Partula clara Pease, 1865",NA,NA,NA,1,NA
"Ptilinopus dupetithouarsii (Néboux, 1840)",NA,NA,NA,1,NA
"Elimia edgariana (I.Lea, 1841)",NA,NA,1,NA,NA
"Nesovitrea pauxilla (Gould, 1852)",NA,NA,NA,1,NA
"Partula micans L.Pfeiffer, 1853",NA,NA,NA,1,NA
"Todiramphus veneratus youngi Sharpe, 1892",NA,NA,NA,1,NA
"Allonais pectinata (Stephenson, 1910)",NA,1,NA,NA,NA
"Septaria porcellana borbonica (Bory de Saint-Vincent, 1804)",NA,1,NA,NA,NA
"Trochomorpha eurydice (A.Gould, 1846)",NA,NA,NA,1,NA
"Clithon faba (G.B.Sowerby I, 1836)",NA,NA,NA,NA,1
"Wasmannia auropunctata (Roger, 1863)",NA,NA,NA,1,NA
"Ptilinopus purpuratus purpuratus",NA,NA,NA,1,NA
"Ptilinopus purpuratus frater Ripley & Birckhead, 1942",NA,NA,NA,1,NA
"Ptilinopus dupetithouarsii viridior Murphy, 1924",NA,NA,NA,1,NA
"Conus chaldeus (Roeding, 1798)",NA,1,NA,NA,NA
"Acrocephalus atyphus atyphus",NA,NA,NA,NA,NA
"Culex pipiens Linnaeus, 1758",NA,NA,NA,1,NA
"Cryptamorpha desjardinsi (Guérin-Méneville, 1844)",NA,NA,NA,1,NA
"Philonesia turgida (Ancey, 1890)",NA,NA,NA,1,NA
"Trochomorpha ludersi (L.Pfeiffer, 1855)",NA,NA,NA,1,NA
"Ogasawarana crassilabris (Philippi, 1847)",NA,1,NA,NA,NA
"Merops nubicus J.F.Gmelin, 1788",NA,NA,NA,1,NA
"Trochomorpha nigritella (L.Pfeiffer, 1847)",NA,NA,NA,1,NA
"Strobilus acicularis raphis C.M.Cooke & Y.Kondo, 1961",NA,NA,NA,NA,NA
"Mitiperua simplex C.M.Cooke & Y.Kondo, 1961",NA,NA,NA,1,NA
"Partula gibba Férussac, 1821",NA,NA,NA,1,NA
"Ostodes plicatus (A.Gould, 1847)",NA,NA,NA,1,NA
"Partula dentifera imperforata Garrett, 1884",NA,NA,NA,1,NA
"Pleuropoma subrufa (Garrett, 1884)",NA,NA,NA,1,NA
"Succinea macgillivrayi Cox, 1864",NA,NA,NA,1,NA
"Omphalotropis conoideus Mousson, 1865",NA,1,NA,NA,1
"Partula dentifera formosa Garrett, 1884",NA,NA,NA,1,NA
"Partula suturalis strigosa Pfeiffer, 1856",NA,NA,NA,1,NA
"Partula navigatoria radiata Pease, 1864",NA,NA,NA,1,NA
"Lamprocystis venosa (Pease, 1866)",NA,NA,NA,1,NA
"Hypselostoma luzonicum Möllendorff, 1888",NA,NA,NA,1,NA
"Melanoides laxa (Mousson, 1869)",NA,NA,1,NA,NA
"Partula vanikorensis (Quoy & Gaimard, 1832)",NA,NA,NA,1,NA
"Partula dentifera citrina Pease, 1866",NA,NA,NA,1,NA
"Angustassiminea nitida (Pease, 1865)",NA,NA,NA,1,NA
"Mautodontha acuticostata (Garrett, 1884)",NA,NA,NA,1,NA
"Thiara indefinita (I.Lea & H.C.Lea, 1851)",NA,NA,1,NA,NA
"Omphalotropis ornata O.Boettger, 1891",NA,NA,NA,1,NA
"Caridina weberi De Man, 1892",NA,1,NA,NA,NA
"Ptilinopus purpuratus chrysogaster G.R.Gray, 1854",NA,NA,NA,1,NA
"Simulium rivierei Craig, Fossati & Séchan, 1995",NA,NA,NA,1,NA
"Cirripectes springeri Williams, 1988",NA,1,NA,NA,NA
"Chalcophora japonica chinensis Schaufuss, 1879",NA,NA,NA,1,NA
"Gastrocopta servilis (A.Gould, 1843)",NA,NA,NA,1,NA
"Acrocephalus percernis percernis",NA,NA,NA,1,NA
"Entomacrodus plurifilis Schultz & Chapman, 1960",NA,1,NA,NA,NA
"Passer domesticus (Linnaeus, 1758)",NA,NA,NA,1,NA
"Theba pisana (O.F.Müller, 1774)",NA,NA,NA,1,NA
"Todiramphus veneratus veneratus",NA,NA,NA,1,NA
"Eua expansa (Pease, 1871)",NA,NA,NA,1,NA
"Melania scitula A.Gould, 1847",NA,NA,NA,NA,NA
"Succinea ovata G.B.Sowerby I, 1822",NA,NA,NA,1,NA
"Partula assimilis Pease, 1868",NA,NA,NA,1,NA
"Strobilus subtilis C.M.Cooke & Y.Kondo, 1961",NA,NA,NA,1,NA
"Philonesia chamissoi (L.Pfeiffer, 1855)",NA,NA,NA,1,NA
"Neritina ortoni Woodward, 1871",NA,NA,1,NA,NA
"Bouryia cylindrata (Briart & Cornet, 1887)",NA,NA,NA,1,NA
"Callionymus cookii Günther, 1872",NA,1,NA,NA,NA
"Garrettia rotella (Pease, 1868)",NA,NA,NA,1,NA
"Ostodes strigatus (A.Gould, 1847)",NA,NA,NA,1,NA
"Samoana abbreviata (Mousson, 1869)",NA,NA,NA,1,NA
"Piletocera signiferalis isola Clarke, 1971",NA,NA,NA,1,NA
"Lycengraulis limnichthys Schultz, 1949",NA,NA,NA,NA,1
"Hiona glandula (H.Beck, 1838)",NA,NA,NA,1,NA
"Septaria janelli (Récluz, 1841)",NA,NA,1,NA,NA
"Succinea norfolkensis Sykes, 1900",NA,NA,NA,1,NA
"Partula dentifera callifera L.Pfeiffer, 1857",NA,NA,NA,1,NA
"Trochonanina connollyi (Haas, 1932)",NA,NA,NA,1,NA
"Septaria bougainvillei (Récluz, 1842)",NA,NA,1,NA,NA
"Oospira mairei (Bavay & Dautzenberg, 1909)",NA,NA,NA,1,NA
"Cyclophorus leai (Tryon, 1869)",NA,NA,NA,1,NA
"Partula lugubris ovalis Pease, 1866",NA,NA,NA,1,NA
"Alcadia minima (d'Orbigny, 1842)",NA,NA,NA,1,NA
"Baglivia ambigua Brusina, 1892",NA,NA,NA,NA,NA
"Tylomelania towutensis (P.Sarasin & F.Sarasin, 1897)",NA,NA,1,NA,NA
"Cardiocondyla wroughtonii obscurior Wheeler, 1929",NA,NA,NA,1,NA
"Acrocephalus atyphus ravus (Wetmore, 1919)",NA,NA,NA,1,NA
"Samoana conica (A.Gould, 1847)",NA,NA,NA,1,NA
"Hasemania nana (Lütken, 1875)",NA,NA,1,NA,NA
"Tubuaia gouldi nannodes C.M.Cooke & Y.Kondo, 1961",NA,NA,NA,NA,NA
"Pythia scarabaeus (Linnaeus, 1758)",NA,NA,NA,1,NA
"Samoana stevensoniana (Pilsbry, 1909)",NA,NA,NA,1,NA
"Thaanumella angulosa (Ancey, 1890)",NA,NA,NA,NA,1
"Chloritis malbatensis (Hidalgo, 1890)",NA,NA,NA,1,NA
"Neritina turtoni Récluz, 1843",NA,NA,1,NA,1
"Septaria cumingiana (Récluz, 1843)",NA,1,NA,NA,NA
"Trochomorpha tavinniensis (Garrett, 1872)",NA,NA,1,1,NA
"Vitrina angelicae H.Beck, 1837",NA,NA,1,1,NA
"Vittina natalensis (Reeve, 1855)",NA,NA,1,NA,NA
"Trochomorpha merziana (L.Pfeiffer, 1853)",NA,NA,NA,1,NA
"Orobophana culminans (Mousson, 1871)",NA,NA,NA,1,NA
"Synclidopus hogani Johnson & Randall, 2008",NA,1,NA,NA,NA
"Todiramphus sanctus (Vigors & Horsfield, 1827)",NA,NA,NA,1,NA
"Acrocephalus atyphus eremus (Wetmore, 1919)",NA,NA,NA,1,NA
"Elasmias ovatum (Anton, 1838)",NA,NA,NA,1,NA
"Elasmias simplicimum C.M.Cooke & Y.Kondo, 1961",NA,NA,NA,1,NA
"Kermia pumilia",NA,1,NA,NA,NA
"Austrothelphusa angustifrons (A.Milne-Edwards, 1869)",NA,NA,1,NA,NA
"Huonodon hectori (Suter, 1890)",NA,NA,NA,1,NA
"Tubuaia gouldi (L.Pfeiffer, 1857)",NA,NA,NA,1,NA
"Ligia hawaiensis (Dana, 1853)",NA,NA,NA,1,NA
"Anoplognathus punctulatus punctulatus",NA,NA,NA,1,NA
"Septaria macrocephala (Le Guillou, 1841)",NA,NA,NA,NA,1
"Strobilus acicularis C.M.Cooke & Y.Kondo, 1961",NA,NA,NA,1,NA
"Endodonta lamellosa (Férussac, 1832)",NA,NA,NA,1,NA
"Partula navigatoria radiata Garrett, 1884",NA,NA,NA,1,NA
"Melania lancea I.Lea & H.C.Lea, 1851",NA,NA,NA,NA,NA
"Microcystina brunii (Mörch, 1872)",NA,NA,NA,NA,NA
"Pupina complanata (Pease, 1861)",NA,NA,NA,1,NA
"Maculotriton serrialis (Deshayes, 1834)",NA,1,NA,NA,NA
"Cerithium columnare Lamarck, 1804",NA,1,NA,NA,NA
"Melania scopulus Reeve, 1860",NA,NA,1,NA,NA
"Partula pacifica L.Pfeiffer, 1855",NA,NA,NA,1,NA
"Helicina cinctella Shuttleworth, 1852",NA,NA,NA,1,NA
"Lamprocystis normani (E.A.Smith, 1889)",NA,NA,NA,1,NA
"Melania plutonis Hinds, 1844",NA,NA,1,NA,NA
"Septaria luzonica (Souleyet, 1841)",NA,NA,1,NA,NA
"Trochozonites conicus (Chaper, 1885)",NA,NA,NA,1,NA
"Partula rufa Lesson, 1831",NA,NA,NA,1,NA
"Melania incisa Reeve, 1859",NA,NA,1,NA,NA
"Neritina pulchra G.B.Sowerby I, 1836",NA,NA,1,NA,NA
"Neripteron amoenum (A.Gould, 1847)",NA,NA,1,NA,NA
"Omphalotropis bulimoides (Hombron & Jacquinot, 1848)",NA,NA,1,1,1
"Troschelviana pyramidalis (G.B.Sowerby II, 1842)",NA,NA,NA,1,NA
"Stenomelania aspirans (Hinds, 1844)",NA,NA,1,NA,NA
